input size (n), operation count
1,7
2,11
3,12
4,15
5,16
6,16
7,17
8,19
9,20
10,20
11,21
12,20
13,21
14,21
15,22
16,23
17,24
18,24
19,25
20,24
21,25
22,25
23,26
24,24
25,25
26,25
27,26
28,25
29,26
30,26
31,27
32,27
33,28
34,28
35,29
36,28
37,29
38,29
39,30
40,28
41,29
42,29
43,30
44,29
45,30
46,30
47,31
48,28
49,29
50,29
51,30
52,29
53,30
54,30
55,31
56,29
57,30
58,30
59,31
60,30
61,31
62,31
63,32
64,31
65,32
66,32
67,33
68,32
69,33
70,33
71,34
72,32
73,33
74,33
75,34
76,33
77,34
78,34
79,35
80,32
81,33
82,33
83,34
84,33
85,34
86,34
87,35
88,33
89,34
90,34
91,35
92,34
93,35
94,35
95,36
96,32
97,33
98,33
99,34
100,33
101,34
102,34
103,35
104,33
105,34
106,34
107,35
108,34
109,35
110,35
111,36
112,33
113,34
114,34
115,35
116,34
117,35
118,35
119,36
120,34
121,35
122,35
123,36
124,35
125,36
126,36
127,37
128,35
129,36
130,36
131,37
132,36
133,37
134,37
135,38
136,36
137,37
138,37
139,38
140,37
141,38
142,38
143,39
144,36
145,37
146,37
147,38
148,37
149,38
150,38
151,39
152,37
153,38
154,38
155,39
156,38
157,39
158,39
159,40
160,36
161,37
162,37
163,38
164,37
165,38
166,38
167,39
168,37
169,38
170,38
171,39
172,38
173,39
174,39
175,40
176,37
177,38
178,38
179,39
180,38
181,39
182,39
183,40
184,38
185,39
186,39
187,40
188,39
189,40
190,40
191,41
192,36
193,37
194,37
195,38
196,37
197,38
198,38
199,39
200,37
201,38
202,38
203,39
204,38
205,39
206,39
207,40
208,37
209,38
210,38
211,39
212,38
213,39
214,39
215,40
216,38
217,39
218,39
219,40
220,39
221,40
222,40
223,41
224,37
225,38
226,38
227,39
228,38
229,39
230,39
231,40
232,38
233,39
234,39
235,40
236,39
237,40
238,40
239,41
240,38
241,39
242,39
243,40
244,39
245,40
246,40
247,41
248,39
249,40
250,40
251,41
252,40
253,41
254,41
255,42
256,39
257,40
258,40
259,41
260,40
261,41
262,41
263,42
264,40
265,41
266,41
267,42
268,41
269,42
270,42
271,43
272,40
273,41
274,41
275,42
276,41
277,42
278,42
279,43
280,41
281,42
282,42
283,43
284,42
285,43
286,43
287,44
288,40
289,41
290,41
291,42
292,41
293,42
294,42
295,43
296,41
297,42
298,42
299,43
300,42
301,43
302,43
303,44
304,41
305,42
306,42
307,43
308,42
309,43
310,43
311,44
312,42
313,43
314,43
315,44
316,43
317,44
318,44
319,45
320,40
321,41
322,41
323,42
324,41
325,42
326,42
327,43
328,41
329,42
330,42
331,43
332,42
333,43
334,43
335,44
336,41
337,42
338,42
339,43
340,42
341,43
342,43
343,44
344,42
345,43
346,43
347,44
348,43
349,44
350,44
351,45
352,41
353,42
354,42
355,43
356,42
357,43
358,43
359,44
360,42
361,43
362,43
363,44
364,43
365,44
366,44
367,45
368,42
369,43
370,43
371,44
372,43
373,44
374,44
375,45
376,43
377,44
378,44
379,45
380,44
381,45
382,45
383,46
384,40
385,41
386,41
387,42
388,41
389,42
390,42
391,43
392,41
393,42
394,42
395,43
396,42
397,43
398,43
399,44
400,41
401,42
402,42
403,43
404,42
405,43
406,43
407,44
408,42
409,43
410,43
411,44
412,43
413,44
414,44
415,45
416,41
417,42
418,42
419,43
420,42
421,43
422,43
423,44
424,42
425,43
426,43
427,44
428,43
429,44
430,44
431,45
432,42
433,43
434,43
435,44
436,43
437,44
438,44
439,45
440,43
441,44
442,44
443,45
444,44
445,45
446,45
447,46
448,41
449,42
450,42
451,43
452,42
453,43
454,43
455,44
456,42
457,43
458,43
459,44
460,43
461,44
462,44
463,45
464,42
465,43
466,43
467,44
468,43
469,44
470,44
471,45
472,43
473,44
474,44
475,45
476,44
477,45
478,45
479,46
480,42
481,43
482,43
483,44
484,43
485,44
486,44
487,45
488,43
489,44
490,44
491,45
492,44
493,45
494,45
495,46
496,43
497,44
498,44
499,45
500,44
501,45
502,45
503,46
504,44
505,45
506,45
507,46
508,45
509,46
510,46
511,47
512,43
513,44
514,44
515,45
516,44
517,45
518,45
519,46
520,44
521,45
522,45
523,46
524,45
525,46
526,46
527,47
528,44
529,45
530,45
531,46
532,45
533,46
534,46
535,47
536,45
537,46
538,46
539,47
540,46
541,47
542,47
543,48
544,44
545,45
546,45
547,46
548,45
549,46
550,46
551,47
552,45
553,46
554,46
555,47
556,46
557,47
558,47
559,48
560,45
561,46
562,46
563,47
564,46
565,47
566,47
567,48
568,46
569,47
570,47
571,48
572,47
573,48
574,48
575,49
576,44
577,45
578,45
579,46
580,45
581,46
582,46
583,47
584,45
585,46
586,46
587,47
588,46
589,47
590,47
591,48
592,45
593,46
594,46
595,47
596,46
597,47
598,47
599,48
600,46
601,47
602,47
603,48
604,47
605,48
606,48
607,49
608,45
609,46
610,46
611,47
612,46
613,47
614,47
615,48
616,46
617,47
618,47
619,48
620,47
621,48
622,48
623,49
624,46
625,47
626,47
627,48
628,47
629,48
630,48
631,49
632,47
633,48
634,48
635,49
636,48
637,49
638,49
639,50
640,44
641,45
642,45
643,46
644,45
645,46
646,46
647,47
648,45
649,46
650,46
651,47
652,46
653,47
654,47
655,48
656,45
657,46
658,46
659,47
660,46
661,47
662,47
663,48
664,46
665,47
666,47
667,48
668,47
669,48
670,48
671,49
672,45
673,46
674,46
675,47
676,46
677,47
678,47
679,48
680,46
681,47
682,47
683,48
684,47
685,48
686,48
687,49
688,46
689,47
690,47
691,48
692,47
693,48
694,48
695,49
696,47
697,48
698,48
699,49
700,48
701,49
702,49
703,50
704,45
705,46
706,46
707,47
708,46
709,47
710,47
711,48
712,46
713,47
714,47
715,48
716,47
717,48
718,48
719,49
720,46
721,47
722,47
723,48
724,47
725,48
726,48
727,49
728,47
729,48
730,48
731,49
732,48
733,49
734,49
735,50
736,46
737,47
738,47
739,48
740,47
741,48
742,48
743,49
744,47
745,48
746,48
747,49
748,48
749,49
750,49
751,50
752,47
753,48
754,48
755,49
756,48
757,49
758,49
759,50
760,48
761,49
762,49
763,50
764,49
765,50
766,50
767,51
768,44
769,45
770,45
771,46
772,45
773,46
774,46
775,47
776,45
777,46
778,46
779,47
780,46
781,47
782,47
783,48
784,45
785,46
786,46
787,47
788,46
789,47
790,47
791,48
792,46
793,47
794,47
795,48
796,47
797,48
798,48
799,49
800,45
801,46
802,46
803,47
804,46
805,47
806,47
807,48
808,46
809,47
810,47
811,48
812,47
813,48
814,48
815,49
816,46
817,47
818,47
819,48
820,47
821,48
822,48
823,49
824,47
825,48
826,48
827,49
828,48
829,49
830,49
831,50
832,45
833,46
834,46
835,47
836,46
837,47
838,47
839,48
840,46
841,47
842,47
843,48
844,47
845,48
846,48
847,49
848,46
849,47
850,47
851,48
852,47
853,48
854,48
855,49
856,47
857,48
858,48
859,49
860,48
861,49
862,49
863,50
864,46
865,47
866,47
867,48
868,47
869,48
870,48
871,49
872,47
873,48
874,48
875,49
876,48
877,49
878,49
879,50
880,47
881,48
882,48
883,49
884,48
885,49
886,49
887,50
888,48
889,49
890,49
891,50
892,49
893,50
894,50
895,51
896,45
897,46
898,46
899,47
900,46
901,47
902,47
903,48
904,46
905,47
906,47
907,48
908,47
909,48
910,48
911,49
912,46
913,47
914,47
915,48
916,47
917,48
918,48
919,49
920,47
921,48
922,48
923,49
924,48
925,49
926,49
927,50
928,46
929,47
930,47
931,48
932,47
933,48
934,48
935,49
936,47
937,48
938,48
939,49
940,48
941,49
942,49
943,50
944,47
945,48
946,48
947,49
948,48
949,49
950,49
951,50
952,48
953,49
954,49
955,50
956,49
957,50
958,50
959,51
960,46
961,47
962,47
963,48
964,47
965,48
966,48
967,49
968,47
969,48
970,48
971,49
972,48
973,49
974,49
975,50
976,47
977,48
978,48
979,49
980,48
981,49
982,49
983,50
984,48
985,49
986,49
987,50
988,49
989,50
990,50
991,51
992,47
993,48
994,48
995,49
996,48
997,49
998,49
999,50
1000,48
1001,49
1002,49
1003,50
1004,49
1005,50
1006,50
1007,51
1008,48
1009,49
1010,49
1011,50
1012,49
1013,50
1014,50
1015,51
1016,49
1017,50
1018,50
1019,51
1020,50
1021,51
1022,51
1023,52
1024,47
1025,48
1026,48
1027,49
1028,48
1029,49
1030,49
1031,50
1032,48
1033,49
1034,49
1035,50
1036,49
1037,50
1038,50
1039,51
1040,48
1041,49
1042,49
1043,50
1044,49
1045,50
1046,50
1047,51
1048,49
1049,50
1050,50
1051,51
1052,50
1053,51
1054,51
1055,52
1056,48
1057,49
1058,49
1059,50
1060,49
1061,50
1062,50
1063,51
1064,49
1065,50
1066,50
1067,51
1068,50
1069,51
1070,51
1071,52
1072,49
1073,50
1074,50
1075,51
1076,50
1077,51
1078,51
1079,52
1080,50
1081,51
1082,51
1083,52
1084,51
1085,52
1086,52
1087,53
1088,48
1089,49
1090,49
1091,50
1092,49
1093,50
1094,50
1095,51
1096,49
1097,50
1098,50
1099,51
1100,50
1101,51
1102,51
1103,52
1104,49
1105,50
1106,50
1107,51
1108,50
1109,51
1110,51
1111,52
1112,50
1113,51
1114,51
1115,52
1116,51
1117,52
1118,52
1119,53
1120,49
1121,50
1122,50
1123,51
1124,50
1125,51
1126,51
1127,52
1128,50
1129,51
1130,51
1131,52
1132,51
1133,52
1134,52
1135,53
1136,50
1137,51
1138,51
1139,52
1140,51
1141,52
1142,52
1143,53
1144,51
1145,52
1146,52
1147,53
1148,52
1149,53
1150,53
1151,54
1152,48
1153,49
1154,49
1155,50
1156,49
1157,50
1158,50
1159,51
1160,49
1161,50
1162,50
1163,51
1164,50
1165,51
1166,51
1167,52
1168,49
1169,50
1170,50
1171,51
1172,50
1173,51
1174,51
1175,52
1176,50
1177,51
1178,51
1179,52
1180,51
1181,52
1182,52
1183,53
1184,49
1185,50
1186,50
1187,51
1188,50
1189,51
1190,51
1191,52
1192,50
1193,51
1194,51
1195,52
1196,51
1197,52
1198,52
1199,53
1200,50
1201,51
1202,51
1203,52
1204,51
1205,52
1206,52
1207,53
1208,51
1209,52
1210,52
1211,53
1212,52
1213,53
1214,53
1215,54
1216,49
1217,50
1218,50
1219,51
1220,50
1221,51
1222,51
1223,52
1224,50
1225,51
1226,51
1227,52
1228,51
1229,52
1230,52
1231,53
1232,50
1233,51
1234,51
1235,52
1236,51
1237,52
1238,52
1239,53
1240,51
1241,52
1242,52
1243,53
1244,52
1245,53
1246,53
1247,54
1248,50
1249,51
1250,51
1251,52
1252,51
1253,52
1254,52
1255,53
1256,51
1257,52
1258,52
1259,53
1260,52
1261,53
1262,53
1263,54
1264,51
1265,52
1266,52
1267,53
1268,52
1269,53
1270,53
1271,54
1272,52
1273,53
1274,53
1275,54
1276,53
1277,54
1278,54
1279,55
1280,48
1281,49
1282,49
1283,50
1284,49
1285,50
1286,50
1287,51
1288,49
1289,50
1290,50
1291,51
1292,50
1293,51
1294,51
1295,52
1296,49
1297,50
1298,50
1299,51
1300,50
1301,51
1302,51
1303,52
1304,50
1305,51
1306,51
1307,52
1308,51
1309,52
1310,52
1311,53
1312,49
1313,50
1314,50
1315,51
1316,50
1317,51
1318,51
1319,52
1320,50
1321,51
1322,51
1323,52
1324,51
1325,52
1326,52
1327,53
1328,50
1329,51
1330,51
1331,52
1332,51
1333,52
1334,52
1335,53
1336,51
1337,52
1338,52
1339,53
1340,52
1341,53
1342,53
1343,54
1344,49
1345,50
1346,50
1347,51
1348,50
1349,51
1350,51
1351,52
1352,50
1353,51
1354,51
1355,52
1356,51
1357,52
1358,52
1359,53
1360,50
1361,51
1362,51
1363,52
1364,51
1365,52
1366,52
1367,53
1368,51
1369,52
1370,52
1371,53
1372,52
1373,53
1374,53
1375,54
1376,50
1377,51
1378,51
1379,52
1380,51
1381,52
1382,52
1383,53
1384,51
1385,52
1386,52
1387,53
1388,52
1389,53
1390,53
1391,54
1392,51
1393,52
1394,52
1395,53
1396,52
1397,53
1398,53
1399,54
1400,52
1401,53
1402,53
1403,54
1404,53
1405,54
1406,54
1407,55
1408,49
1409,50
1410,50
1411,51
1412,50
1413,51
1414,51
1415,52
1416,50
1417,51
1418,51
1419,52
1420,51
1421,52
1422,52
1423,53
1424,50
1425,51
1426,51
1427,52
1428,51
1429,52
1430,52
1431,53
1432,51
1433,52
1434,52
1435,53
1436,52
1437,53
1438,53
1439,54
1440,50
1441,51
1442,51
1443,52
1444,51
1445,52
1446,52
1447,53
1448,51
1449,52
1450,52
1451,53
1452,52
1453,53
1454,53
1455,54
1456,51
1457,52
1458,52
1459,53
1460,52
1461,53
1462,53
1463,54
1464,52
1465,53
1466,53
1467,54
1468,53
1469,54
1470,54
1471,55
1472,50
1473,51
1474,51
1475,52
1476,51
1477,52
1478,52
1479,53
1480,51
1481,52
1482,52
1483,53
1484,52
1485,53
1486,53
1487,54
1488,51
1489,52
1490,52
1491,53
1492,52
1493,53
1494,53
1495,54
1496,52
1497,53
1498,53
1499,54
1500,53
1501,54
1502,54
1503,55
1504,51
1505,52
1506,52
1507,53
1508,52
1509,53
1510,53
1511,54
1512,52
1513,53
1514,53
1515,54
1516,53
1517,54
1518,54
1519,55
1520,52
1521,53
1522,53
1523,54
1524,53
1525,54
1526,54
1527,55
1528,53
1529,54
1530,54
1531,55
1532,54
1533,55
1534,55
1535,56
1536,48
1537,49
1538,49
1539,50
1540,49
1541,50
1542,50
1543,51
1544,49
1545,50
1546,50
1547,51
1548,50
1549,51
1550,51
1551,52
1552,49
1553,50
1554,50
1555,51
1556,50
1557,51
1558,51
1559,52
1560,50
1561,51
1562,51
1563,52
1564,51
1565,52
1566,52
1567,53
1568,49
1569,50
1570,50
1571,51
1572,50
1573,51
1574,51
1575,52
1576,50
1577,51
1578,51
1579,52
1580,51
1581,52
1582,52
1583,53
1584,50
1585,51
1586,51
1587,52
1588,51
1589,52
1590,52
1591,53
1592,51
1593,52
1594,52
1595,53
1596,52
1597,53
1598,53
1599,54
1600,49
1601,50
1602,50
1603,51
1604,50
1605,51
1606,51
1607,52
1608,50
1609,51
1610,51
1611,52
1612,51
1613,52
1614,52
1615,53
1616,50
1617,51
1618,51
1619,52
1620,51
1621,52
1622,52
1623,53
1624,51
1625,52
1626,52
1627,53
1628,52
1629,53
1630,53
1631,54
1632,50
1633,51
1634,51
1635,52
1636,51
1637,52
1638,52
1639,53
1640,51
1641,52
1642,52
1643,53
1644,52
1645,53
1646,53
1647,54
1648,51
1649,52
1650,52
1651,53
1652,52
1653,53
1654,53
1655,54
1656,52
1657,53
1658,53
1659,54
1660,53
1661,54
1662,54
1663,55
1664,49
1665,50
1666,50
1667,51
1668,50
1669,51
1670,51
1671,52
1672,50
1673,51
1674,51
1675,52
1676,51
1677,52
1678,52
1679,53
1680,50
1681,51
1682,51
1683,52
1684,51
1685,52
1686,52
1687,53
1688,51
1689,52
1690,52
1691,53
1692,52
1693,53
1694,53
1695,54
1696,50
1697,51
1698,51
1699,52
1700,51
1701,52
1702,52
1703,53
1704,51
1705,52
1706,52
1707,53
1708,52
1709,53
1710,53
1711,54
1712,51
1713,52
1714,52
1715,53
1716,52
1717,53
1718,53
1719,54
1720,52
1721,53
1722,53
1723,54
1724,53
1725,54
1726,54
1727,55
1728,50
1729,51
1730,51
1731,52
1732,51
1733,52
1734,52
1735,53
1736,51
1737,52
1738,52
1739,53
1740,52
1741,53
1742,53
1743,54
1744,51
1745,52
1746,52
1747,53
1748,52
1749,53
1750,53
1751,54
1752,52
1753,53
1754,53
1755,54
1756,53
1757,54
1758,54
1759,55
1760,51
1761,52
1762,52
1763,53
1764,52
1765,53
1766,53
1767,54
1768,52
1769,53
1770,53
1771,54
1772,53
1773,54
1774,54
1775,55
1776,52
1777,53
1778,53
1779,54
1780,53
1781,54
1782,54
1783,55
1784,53
1785,54
1786,54
1787,55
1788,54
1789,55
1790,55
1791,56
1792,49
1793,50
1794,50
1795,51
1796,50
1797,51
1798,51
1799,52
1800,50
1801,51
1802,51
1803,52
1804,51
1805,52
1806,52
1807,53
1808,50
1809,51
1810,51
1811,52
1812,51
1813,52
1814,52
1815,53
1816,51
1817,52
1818,52
1819,53
1820,52
1821,53
1822,53
1823,54
1824,50
1825,51
1826,51
1827,52
1828,51
1829,52
1830,52
1831,53
1832,51
1833,52
1834,52
1835,53
1836,52
1837,53
1838,53
1839,54
1840,51
1841,52
1842,52
1843,53
1844,52
1845,53
1846,53
1847,54
1848,52
1849,53
1850,53
1851,54
1852,53
1853,54
1854,54
1855,55
1856,50
1857,51
1858,51
1859,52
1860,51
1861,52
1862,52
1863,53
1864,51
1865,52
1866,52
1867,53
1868,52
1869,53
1870,53
1871,54
1872,51
1873,52
1874,52
1875,53
1876,52
1877,53
1878,53
1879,54
1880,52
1881,53
1882,53
1883,54
1884,53
1885,54
1886,54
1887,55
1888,51
1889,52
1890,52
1891,53
1892,52
1893,53
1894,53
1895,54
1896,52
1897,53
1898,53
1899,54
1900,53
1901,54
1902,54
1903,55
1904,52
1905,53
1906,53
1907,54
1908,53
1909,54
1910,54
1911,55
1912,53
1913,54
1914,54
1915,55
1916,54
1917,55
1918,55
1919,56
1920,50
1921,51
1922,51
1923,52
1924,51
1925,52
1926,52
1927,53
1928,51
1929,52
1930,52
1931,53
1932,52
1933,53
1934,53
1935,54
1936,51
1937,52
1938,52
1939,53
1940,52
1941,53
1942,53
1943,54
1944,52
1945,53
1946,53
1947,54
1948,53
1949,54
1950,54
1951,55
1952,51
1953,52
1954,52
1955,53
1956,52
1957,53
1958,53
1959,54
1960,52
1961,53
1962,53
1963,54
1964,53
1965,54
1966,54
1967,55
1968,52
1969,53
1970,53
1971,54
1972,53
1973,54
1974,54
1975,55
1976,53
1977,54
1978,54
1979,55
1980,54
1981,55
1982,55
1983,56
1984,51
1985,52
1986,52
1987,53
1988,52
1989,53
1990,53
1991,54
1992,52
1993,53
1994,53
1995,54
1996,53
1997,54
1998,54
1999,55
2000,52
2001,53
2002,53
2003,54
2004,53
2005,54
2006,54
2007,55
2008,53
2009,54
2010,54
2011,55
2012,54
2013,55
2014,55
2015,56
2016,52
2017,53
2018,53
2019,54
2020,53
2021,54
2022,54
2023,55
2024,53
2025,54
2026,54
2027,55
2028,54
2029,55
2030,55
2031,56
2032,53
2033,54
2034,54
2035,55
2036,54
2037,55
2038,55
2039,56
2040,54
2041,55
2042,55
2043,56
2044,55
2045,56
2046,56
2047,57
2048,51
2049,52
2050,52
2051,53
2052,52
2053,53
2054,53
2055,54
2056,52
2057,53
2058,53
2059,54
2060,53
2061,54
2062,54
2063,55
2064,52
2065,53
2066,53
2067,54
2068,53
2069,54
2070,54
2071,55
2072,53
2073,54
2074,54
2075,55
2076,54
2077,55
2078,55
2079,56
2080,52
2081,53
2082,53
2083,54
2084,53
2085,54
2086,54
2087,55
2088,53
2089,54
2090,54
2091,55
2092,54
2093,55
2094,55
2095,56
2096,53
2097,54
2098,54
2099,55
2100,54
2101,55
2102,55
2103,56
2104,54
2105,55
2106,55
2107,56
2108,55
2109,56
2110,56
2111,57
2112,52
2113,53
2114,53
2115,54
2116,53
2117,54
2118,54
2119,55
2120,53
2121,54
2122,54
2123,55
2124,54
2125,55
2126,55
2127,56
2128,53
2129,54
2130,54
2131,55
2132,54
2133,55
2134,55
2135,56
2136,54
2137,55
2138,55
2139,56
2140,55
2141,56
2142,56
2143,57
2144,53
2145,54
2146,54
2147,55
2148,54
2149,55
2150,55
2151,56
2152,54
2153,55
2154,55
2155,56
2156,55
2157,56
2158,56
2159,57
2160,54
2161,55
2162,55
2163,56
2164,55
2165,56
2166,56
2167,57
2168,55
2169,56
2170,56
2171,57
2172,56
2173,57
2174,57
2175,58
2176,52
2177,53
2178,53
2179,54
2180,53
2181,54
2182,54
2183,55
2184,53
2185,54
2186,54
2187,55
2188,54
2189,55
2190,55
2191,56
2192,53
2193,54
2194,54
2195,55
2196,54
2197,55
2198,55
2199,56
2200,54
2201,55
2202,55
2203,56
2204,55
2205,56
2206,56
2207,57
2208,53
2209,54
2210,54
2211,55
2212,54
2213,55
2214,55
2215,56
2216,54
2217,55
2218,55
2219,56
2220,55
2221,56
2222,56
2223,57
2224,54
2225,55
2226,55
2227,56
2228,55
2229,56
2230,56
2231,57
2232,55
2233,56
2234,56
2235,57
2236,56
2237,57
2238,57
2239,58
2240,53
2241,54
2242,54
2243,55
2244,54
2245,55
2246,55
2247,56
2248,54
2249,55
2250,55
2251,56
2252,55
2253,56
2254,56
2255,57
2256,54
2257,55
2258,55
2259,56
2260,55
2261,56
2262,56
2263,57
2264,55
2265,56
2266,56
2267,57
2268,56
2269,57
2270,57
2271,58
2272,54
2273,55
2274,55
2275,56
2276,55
2277,56
2278,56
2279,57
2280,55
2281,56
2282,56
2283,57
2284,56
2285,57
2286,57
2287,58
2288,55
2289,56
2290,56
2291,57
2292,56
2293,57
2294,57
2295,58
2296,56
2297,57
2298,57
2299,58
2300,57
2301,58
2302,58
2303,59
2304,52
2305,53
2306,53
2307,54
2308,53
2309,54
2310,54
2311,55
2312,53
2313,54
2314,54
2315,55
2316,54
2317,55
2318,55
2319,56
2320,53
2321,54
2322,54
2323,55
2324,54
2325,55
2326,55
2327,56
2328,54
2329,55
2330,55
2331,56
2332,55
2333,56
2334,56
2335,57
2336,53
2337,54
2338,54
2339,55
2340,54
2341,55
2342,55
2343,56
2344,54
2345,55
2346,55
2347,56
2348,55
2349,56
2350,56
2351,57
2352,54
2353,55
2354,55
2355,56
2356,55
2357,56
2358,56
2359,57
2360,55
2361,56
2362,56
2363,57
2364,56
2365,57
2366,57
2367,58
2368,53
2369,54
2370,54
2371,55
2372,54
2373,55
2374,55
2375,56
2376,54
2377,55
2378,55
2379,56
2380,55
2381,56
2382,56
2383,57
2384,54
2385,55
2386,55
2387,56
2388,55
2389,56
2390,56
2391,57
2392,55
2393,56
2394,56
2395,57
2396,56
2397,57
2398,57
2399,58
2400,54
2401,55
2402,55
2403,56
2404,55
2405,56
2406,56
2407,57
2408,55
2409,56
2410,56
2411,57
2412,56
2413,57
2414,57
2415,58
2416,55
2417,56
2418,56
2419,57
2420,56
2421,57
2422,57
2423,58
2424,56
2425,57
2426,57
2427,58
2428,57
2429,58
2430,58
2431,59
2432,53
2433,54
2434,54
2435,55
2436,54
2437,55
2438,55
2439,56
2440,54
2441,55
2442,55
2443,56
2444,55
2445,56
2446,56
2447,57
2448,54
2449,55
2450,55
2451,56
2452,55
2453,56
2454,56
2455,57
2456,55
2457,56
2458,56
2459,57
2460,56
2461,57
2462,57
2463,58
2464,54
2465,55
2466,55
2467,56
2468,55
2469,56
2470,56
2471,57
2472,55
2473,56
2474,56
2475,57
2476,56
2477,57
2478,57
2479,58
2480,55
2481,56
2482,56
2483,57
2484,56
2485,57
2486,57
2487,58
2488,56
2489,57
2490,57
2491,58
2492,57
2493,58
2494,58
2495,59
2496,54
2497,55
2498,55
2499,56
2500,55
2501,56
2502,56
2503,57
2504,55
2505,56
2506,56
2507,57
2508,56
2509,57
2510,57
2511,58
2512,55
2513,56
2514,56
2515,57
2516,56
2517,57
2518,57
2519,58
2520,56
2521,57
2522,57
2523,58
2524,57
2525,58
2526,58
2527,59
2528,55
2529,56
2530,56
2531,57
2532,56
2533,57
2534,57
2535,58
2536,56
2537,57
2538,57
2539,58
2540,57
2541,58
2542,58
2543,59
2544,56
2545,57
2546,57
2547,58
2548,57
2549,58
2550,58
2551,59
2552,57
2553,58
2554,58
2555,59
2556,58
2557,59
2558,59
2559,60
2560,52
2561,53
2562,53
2563,54
2564,53
2565,54
2566,54
2567,55
2568,53
2569,54
2570,54
2571,55
2572,54
2573,55
2574,55
2575,56
2576,53
2577,54
2578,54
2579,55
2580,54
2581,55
2582,55
2583,56
2584,54
2585,55
2586,55
2587,56
2588,55
2589,56
2590,56
2591,57
2592,53
2593,54
2594,54
2595,55
2596,54
2597,55
2598,55
2599,56
2600,54
2601,55
2602,55
2603,56
2604,55
2605,56
2606,56
2607,57
2608,54
2609,55
2610,55
2611,56
2612,55
2613,56
2614,56
2615,57
2616,55
2617,56
2618,56
2619,57
2620,56
2621,57
2622,57
2623,58
2624,53
2625,54
2626,54
2627,55
2628,54
2629,55
2630,55
2631,56
2632,54
2633,55
2634,55
2635,56
2636,55
2637,56
2638,56
2639,57
2640,54
2641,55
2642,55
2643,56
2644,55
2645,56
2646,56
2647,57
2648,55
2649,56
2650,56
2651,57
2652,56
2653,57
2654,57
2655,58
2656,54
2657,55
2658,55
2659,56
2660,55
2661,56
2662,56
2663,57
2664,55
2665,56
2666,56
2667,57
2668,56
2669,57
2670,57
2671,58
2672,55
2673,56
2674,56
2675,57
2676,56
2677,57
2678,57
2679,58
2680,56
2681,57
2682,57
2683,58
2684,57
2685,58
2686,58
2687,59
2688,53
2689,54
2690,54
2691,55
2692,54
2693,55
2694,55
2695,56
2696,54
2697,55
2698,55
2699,56
2700,55
2701,56
2702,56
2703,57
2704,54
2705,55
2706,55
2707,56
2708,55
2709,56
2710,56
2711,57
2712,55
2713,56
2714,56
2715,57
2716,56
2717,57
2718,57
2719,58
2720,54
2721,55
2722,55
2723,56
2724,55
2725,56
2726,56
2727,57
2728,55
2729,56
2730,56
2731,57
2732,56
2733,57
2734,57
2735,58
2736,55
2737,56
2738,56
2739,57
2740,56
2741,57
2742,57
2743,58
2744,56
2745,57
2746,57
2747,58
2748,57
2749,58
2750,58
2751,59
2752,54
2753,55
2754,55
2755,56
2756,55
2757,56
2758,56
2759,57
2760,55
2761,56
2762,56
2763,57
2764,56
2765,57
2766,57
2767,58
2768,55
2769,56
2770,56
2771,57
2772,56
2773,57
2774,57
2775,58
2776,56
2777,57
2778,57
2779,58
2780,57
2781,58
2782,58
2783,59
2784,55
2785,56
2786,56
2787,57
2788,56
2789,57
2790,57
2791,58
2792,56
2793,57
2794,57
2795,58
2796,57
2797,58
2798,58
2799,59
2800,56
2801,57
2802,57
2803,58
2804,57
2805,58
2806,58
2807,59
2808,57
2809,58
2810,58
2811,59
2812,58
2813,59
2814,59
2815,60
2816,53
2817,54
2818,54
2819,55
2820,54
2821,55
2822,55
2823,56
2824,54
2825,55
2826,55
2827,56
2828,55
2829,56
2830,56
2831,57
2832,54
2833,55
2834,55
2835,56
2836,55
2837,56
2838,56
2839,57
2840,55
2841,56
2842,56
2843,57
2844,56
2845,57
2846,57
2847,58
2848,54
2849,55
2850,55
2851,56
2852,55
2853,56
2854,56
2855,57
2856,55
2857,56
2858,56
2859,57
2860,56
2861,57
2862,57
2863,58
2864,55
2865,56
2866,56
2867,57
2868,56
2869,57
2870,57
2871,58
2872,56
2873,57
2874,57
2875,58
2876,57
2877,58
2878,58
2879,59
2880,54
2881,55
2882,55
2883,56
2884,55
2885,56
2886,56
2887,57
2888,55
2889,56
2890,56
2891,57
2892,56
2893,57
2894,57
2895,58
2896,55
2897,56
2898,56
2899,57
2900,56
2901,57
2902,57
2903,58
2904,56
2905,57
2906,57
2907,58
2908,57
2909,58
2910,58
2911,59
2912,55
2913,56
2914,56
2915,57
2916,56
2917,57
2918,57
2919,58
2920,56
2921,57
2922,57
2923,58
2924,57
2925,58
2926,58
2927,59
2928,56
2929,57
2930,57
2931,58
2932,57
2933,58
2934,58
2935,59
2936,57
2937,58
2938,58
2939,59
2940,58
2941,59
2942,59
2943,60
2944,54
2945,55
2946,55
2947,56
2948,55
2949,56
2950,56
2951,57
2952,55
2953,56
2954,56
2955,57
2956,56
2957,57
2958,57
2959,58
2960,55
2961,56
2962,56
2963,57
2964,56
2965,57
2966,57
2967,58
2968,56
2969,57
2970,57
2971,58
2972,57
2973,58
2974,58
2975,59
2976,55
2977,56
2978,56
2979,57
2980,56
2981,57
2982,57
2983,58
2984,56
2985,57
2986,57
2987,58
2988,57
2989,58
2990,58
2991,59
2992,56
2993,57
2994,57
2995,58
2996,57
2997,58
2998,58
2999,59
3000,57
3001,58
3002,58
3003,59
3004,58
3005,59
3006,59
3007,60
3008,55
3009,56
3010,56
3011,57
3012,56
3013,57
3014,57
3015,58
3016,56
3017,57
3018,57
3019,58
3020,57
3021,58
3022,58
3023,59
3024,56
3025,57
3026,57
3027,58
3028,57
3029,58
3030,58
3031,59
3032,57
3033,58
3034,58
3035,59
3036,58
3037,59
3038,59
3039,60
3040,56
3041,57
3042,57
3043,58
3044,57
3045,58
3046,58
3047,59
3048,57
3049,58
3050,58
3051,59
3052,58
3053,59
3054,59
3055,60
3056,57
3057,58
3058,58
3059,59
3060,58
3061,59
3062,59
3063,60
3064,58
3065,59
3066,59
3067,60
3068,59
3069,60
3070,60
3071,61
3072,52
3073,53
3074,53
3075,54
3076,53
3077,54
3078,54
3079,55
3080,53
3081,54
3082,54
3083,55
3084,54
3085,55
3086,55
3087,56
3088,53
3089,54
3090,54
3091,55
3092,54
3093,55
3094,55
3095,56
3096,54
3097,55
3098,55
3099,56
3100,55
3101,56
3102,56
3103,57
3104,53
3105,54
3106,54
3107,55
3108,54
3109,55
3110,55
3111,56
3112,54
3113,55
3114,55
3115,56
3116,55
3117,56
3118,56
3119,57
3120,54
3121,55
3122,55
3123,56
3124,55
3125,56
3126,56
3127,57
3128,55
3129,56
3130,56
3131,57
3132,56
3133,57
3134,57
3135,58
3136,53
3137,54
3138,54
3139,55
3140,54
3141,55
3142,55
3143,56
3144,54
3145,55
3146,55
3147,56
3148,55
3149,56
3150,56
3151,57
3152,54
3153,55
3154,55
3155,56
3156,55
3157,56
3158,56
3159,57
3160,55
3161,56
3162,56
3163,57
3164,56
3165,57
3166,57
3167,58
3168,54
3169,55
3170,55
3171,56
3172,55
3173,56
3174,56
3175,57
3176,55
3177,56
3178,56
3179,57
3180,56
3181,57
3182,57
3183,58
3184,55
3185,56
3186,56
3187,57
3188,56
3189,57
3190,57
3191,58
3192,56
3193,57
3194,57
3195,58
3196,57
3197,58
3198,58
3199,59
3200,53
3201,54
3202,54
3203,55
3204,54
3205,55
3206,55
3207,56
3208,54
3209,55
3210,55
3211,56
3212,55
3213,56
3214,56
3215,57
3216,54
3217,55
3218,55
3219,56
3220,55
3221,56
3222,56
3223,57
3224,55
3225,56
3226,56
3227,57
3228,56
3229,57
3230,57
3231,58
3232,54
3233,55
3234,55
3235,56
3236,55
3237,56
3238,56
3239,57
3240,55
3241,56
3242,56
3243,57
3244,56
3245,57
3246,57
3247,58
3248,55
3249,56
3250,56
3251,57
3252,56
3253,57
3254,57
3255,58
3256,56
3257,57
3258,57
3259,58
3260,57
3261,58
3262,58
3263,59
3264,54
3265,55
3266,55
3267,56
3268,55
3269,56
3270,56
3271,57
3272,55
3273,56
3274,56
3275,57
3276,56
3277,57
3278,57
3279,58
3280,55
3281,56
3282,56
3283,57
3284,56
3285,57
3286,57
3287,58
3288,56
3289,57
3290,57
3291,58
3292,57
3293,58
3294,58
3295,59
3296,55
3297,56
3298,56
3299,57
3300,56
3301,57
3302,57
3303,58
3304,56
3305,57
3306,57
3307,58
3308,57
3309,58
3310,58
3311,59
3312,56
3313,57
3314,57
3315,58
3316,57
3317,58
3318,58
3319,59
3320,57
3321,58
3322,58
3323,59
3324,58
3325,59
3326,59
3327,60
3328,53
3329,54
3330,54
3331,55
3332,54
3333,55
3334,55
3335,56
3336,54
3337,55
3338,55
3339,56
3340,55
3341,56
3342,56
3343,57
3344,54
3345,55
3346,55
3347,56
3348,55
3349,56
3350,56
3351,57
3352,55
3353,56
3354,56
3355,57
3356,56
3357,57
3358,57
3359,58
3360,54
3361,55
3362,55
3363,56
3364,55
3365,56
3366,56
3367,57
3368,55
3369,56
3370,56
3371,57
3372,56
3373,57
3374,57
3375,58
3376,55
3377,56
3378,56
3379,57
3380,56
3381,57
3382,57
3383,58
3384,56
3385,57
3386,57
3387,58
3388,57
3389,58
3390,58
3391,59
3392,54
3393,55
3394,55
3395,56
3396,55
3397,56
3398,56
3399,57
3400,55
3401,56
3402,56
3403,57
3404,56
3405,57
3406,57
3407,58
3408,55
3409,56
3410,56
3411,57
3412,56
3413,57
3414,57
3415,58
3416,56
3417,57
3418,57
3419,58
3420,57
3421,58
3422,58
3423,59
3424,55
3425,56
3426,56
3427,57
3428,56
3429,57
3430,57
3431,58
3432,56
3433,57
3434,57
3435,58
3436,57
3437,58
3438,58
3439,59
3440,56
3441,57
3442,57
3443,58
3444,57
3445,58
3446,58
3447,59
3448,57
3449,58
3450,58
3451,59
3452,58
3453,59
3454,59
3455,60
3456,54
3457,55
3458,55
3459,56
3460,55
3461,56
3462,56
3463,57
3464,55
3465,56
3466,56
3467,57
3468,56
3469,57
3470,57
3471,58
3472,55
3473,56
3474,56
3475,57
3476,56
3477,57
3478,57
3479,58
3480,56
3481,57
3482,57
3483,58
3484,57
3485,58
3486,58
3487,59
3488,55
3489,56
3490,56
3491,57
3492,56
3493,57
3494,57
3495,58
3496,56
3497,57
3498,57
3499,58
3500,57
3501,58
3502,58
3503,59
3504,56
3505,57
3506,57
3507,58
3508,57
3509,58
3510,58
3511,59
3512,57
3513,58
3514,58
3515,59
3516,58
3517,59
3518,59
3519,60
3520,55
3521,56
3522,56
3523,57
3524,56
3525,57
3526,57
3527,58
3528,56
3529,57
3530,57
3531,58
3532,57
3533,58
3534,58
3535,59
3536,56
3537,57
3538,57
3539,58
3540,57
3541,58
3542,58
3543,59
3544,57
3545,58
3546,58
3547,59
3548,58
3549,59
3550,59
3551,60
3552,56
3553,57
3554,57
3555,58
3556,57
3557,58
3558,58
3559,59
3560,57
3561,58
3562,58
3563,59
3564,58
3565,59
3566,59
3567,60
3568,57
3569,58
3570,58
3571,59
3572,58
3573,59
3574,59
3575,60
3576,58
3577,59
3578,59
3579,60
3580,59
3581,60
3582,60
3583,61
3584,53
3585,54
3586,54
3587,55
3588,54
3589,55
3590,55
3591,56
3592,54
3593,55
3594,55
3595,56
3596,55
3597,56
3598,56
3599,57
3600,54
3601,55
3602,55
3603,56
3604,55
3605,56
3606,56
3607,57
3608,55
3609,56
3610,56
3611,57
3612,56
3613,57
3614,57
3615,58
3616,54
3617,55
3618,55
3619,56
3620,55
3621,56
3622,56
3623,57
3624,55
3625,56
3626,56
3627,57
3628,56
3629,57
3630,57
3631,58
3632,55
3633,56
3634,56
3635,57
3636,56
3637,57
3638,57
3639,58
3640,56
3641,57
3642,57
3643,58
3644,57
3645,58
3646,58
3647,59
3648,54
3649,55
3650,55
3651,56
3652,55
3653,56
3654,56
3655,57
3656,55
3657,56
3658,56
3659,57
3660,56
3661,57
3662,57
3663,58
3664,55
3665,56
3666,56
3667,57
3668,56
3669,57
3670,57
3671,58
3672,56
3673,57
3674,57
3675,58
3676,57
3677,58
3678,58
3679,59
3680,55
3681,56
3682,56
3683,57
3684,56
3685,57
3686,57
3687,58
3688,56
3689,57
3690,57
3691,58
3692,57
3693,58
3694,58
3695,59
3696,56
3697,57
3698,57
3699,58
3700,57
3701,58
3702,58
3703,59
3704,57
3705,58
3706,58
3707,59
3708,58
3709,59
3710,59
3711,60
3712,54
3713,55
3714,55
3715,56
3716,55
3717,56
3718,56
3719,57
3720,55
3721,56
3722,56
3723,57
3724,56
3725,57
3726,57
3727,58
3728,55
3729,56
3730,56
3731,57
3732,56
3733,57
3734,57
3735,58
3736,56
3737,57
3738,57
3739,58
3740,57
3741,58
3742,58
3743,59
3744,55
3745,56
3746,56
3747,57
3748,56
3749,57
3750,57
3751,58
3752,56
3753,57
3754,57
3755,58
3756,57
3757,58
3758,58
3759,59
3760,56
3761,57
3762,57
3763,58
3764,57
3765,58
3766,58
3767,59
3768,57
3769,58
3770,58
3771,59
3772,58
3773,59
3774,59
3775,60
3776,55
3777,56
3778,56
3779,57
3780,56
3781,57
3782,57
3783,58
3784,56
3785,57
3786,57
3787,58
3788,57
3789,58
3790,58
3791,59
3792,56
3793,57
3794,57
3795,58
3796,57
3797,58
3798,58
3799,59
3800,57
3801,58
3802,58
3803,59
3804,58
3805,59
3806,59
3807,60
3808,56
3809,57
3810,57
3811,58
3812,57
3813,58
3814,58
3815,59
3816,57
3817,58
3818,58
3819,59
3820,58
3821,59
3822,59
3823,60
3824,57
3825,58
3826,58
3827,59
3828,58
3829,59
3830,59
3831,60
3832,58
3833,59
3834,59
3835,60
3836,59
3837,60
3838,60
3839,61
3840,54
3841,55
3842,55
3843,56
3844,55
3845,56
3846,56
3847,57
3848,55
3849,56
3850,56
3851,57
3852,56
3853,57
3854,57
3855,58
3856,55
3857,56
3858,56
3859,57
3860,56
3861,57
3862,57
3863,58
3864,56
3865,57
3866,57
3867,58
3868,57
3869,58
3870,58
3871,59
3872,55
3873,56
3874,56
3875,57
3876,56
3877,57
3878,57
3879,58
3880,56
3881,57
3882,57
3883,58
3884,57
3885,58
3886,58
3887,59
3888,56
3889,57
3890,57
3891,58
3892,57
3893,58
3894,58
3895,59
3896,57
3897,58
3898,58
3899,59
3900,58
3901,59
3902,59
3903,60
3904,55
3905,56
3906,56
3907,57
3908,56
3909,57
3910,57
3911,58
3912,56
3913,57
3914,57
3915,58
3916,57
3917,58
3918,58
3919,59
3920,56
3921,57
3922,57
3923,58
3924,57
3925,58
3926,58
3927,59
3928,57
3929,58
3930,58
3931,59
3932,58
3933,59
3934,59
3935,60
3936,56
3937,57
3938,57
3939,58
3940,57
3941,58
3942,58
3943,59
3944,57
3945,58
3946,58
3947,59
3948,58
3949,59
3950,59
3951,60
3952,57
3953,58
3954,58
3955,59
3956,58
3957,59
3958,59
3959,60
3960,58
3961,59
3962,59
3963,60
3964,59
3965,60
3966,60
3967,61
3968,55
3969,56
3970,56
3971,57
3972,56
3973,57
3974,57
3975,58
3976,56
3977,57
3978,57
3979,58
3980,57
3981,58
3982,58
3983,59
3984,56
3985,57
3986,57
3987,58
3988,57
3989,58
3990,58
3991,59
3992,57
3993,58
3994,58
3995,59
3996,58
3997,59
3998,59
3999,60
4000,56
4001,57
4002,57
4003,58
4004,57
4005,58
4006,58
4007,59
4008,57
4009,58
4010,58
4011,59
4012,58
4013,59
4014,59
4015,60
4016,57
4017,58
4018,58
4019,59
4020,58
4021,59
4022,59
4023,60
4024,58
4025,59
4026,59
4027,60
4028,59
4029,60
4030,60
4031,61
4032,56
4033,57
4034,57
4035,58
4036,57
4037,58
4038,58
4039,59
4040,57
4041,58
4042,58
4043,59
4044,58
4045,59
4046,59
4047,60
4048,57
4049,58
4050,58
4051,59
4052,58
4053,59
4054,59
4055,60
4056,58
4057,59
4058,59
4059,60
4060,59
4061,60
4062,60
4063,61
4064,57
4065,58
4066,58
4067,59
4068,58
4069,59
4070,59
4071,60
4072,58
4073,59
4074,59
4075,60
4076,59
4077,60
4078,60
4079,61
4080,58
4081,59
4082,59
4083,60
4084,59
4085,60
4086,60
4087,61
4088,59
4089,60
4090,60
4091,61
4092,60
4093,61
4094,61
4095,62
4096,55
4097,56
4098,56
4099,57
4100,56
4101,57
4102,57
4103,58
4104,56
4105,57
4106,57
4107,58
4108,57
4109,58
4110,58
4111,59
4112,56
4113,57
4114,57
4115,58
4116,57
4117,58
4118,58
4119,59
4120,57
4121,58
4122,58
4123,59
4124,58
4125,59
4126,59
4127,60
4128,56
4129,57
4130,57
4131,58
4132,57
4133,58
4134,58
4135,59
4136,57
4137,58
4138,58
4139,59
4140,58
4141,59
4142,59
4143,60
4144,57
4145,58
4146,58
4147,59
4148,58
4149,59
4150,59
4151,60
4152,58
4153,59
4154,59
4155,60
4156,59
4157,60
4158,60
4159,61
4160,56
4161,57
4162,57
4163,58
4164,57
4165,58
4166,58
4167,59
4168,57
4169,58
4170,58
4171,59
4172,58
4173,59
4174,59
4175,60
4176,57
4177,58
4178,58
4179,59
4180,58
4181,59
4182,59
4183,60
4184,58
4185,59
4186,59
4187,60
4188,59
4189,60
4190,60
4191,61
4192,57
4193,58
4194,58
4195,59
4196,58
4197,59
4198,59
4199,60
4200,58
4201,59
4202,59
4203,60
4204,59
4205,60
4206,60
4207,61
4208,58
4209,59
4210,59
4211,60
4212,59
4213,60
4214,60
4215,61
4216,59
4217,60
4218,60
4219,61
4220,60
4221,61
4222,61
4223,62
4224,56
4225,57
4226,57
4227,58
4228,57
4229,58
4230,58
4231,59
4232,57
4233,58
4234,58
4235,59
4236,58
4237,59
4238,59
4239,60
4240,57
4241,58
4242,58
4243,59
4244,58
4245,59
4246,59
4247,60
4248,58
4249,59
4250,59
4251,60
4252,59
4253,60
4254,60
4255,61
4256,57
4257,58
4258,58
4259,59
4260,58
4261,59
4262,59
4263,60
4264,58
4265,59
4266,59
4267,60
4268,59
4269,60
4270,60
4271,61
4272,58
4273,59
4274,59
4275,60
4276,59
4277,60
4278,60
4279,61
4280,59
4281,60
4282,60
4283,61
4284,60
4285,61
4286,61
4287,62
4288,57
4289,58
4290,58
4291,59
4292,58
4293,59
4294,59
4295,60
4296,58
4297,59
4298,59
4299,60
4300,59
4301,60
4302,60
4303,61
4304,58
4305,59
4306,59
4307,60
4308,59
4309,60
4310,60
4311,61
4312,59
4313,60
4314,60
4315,61
4316,60
4317,61
4318,61
4319,62
4320,58
4321,59
4322,59
4323,60
4324,59
4325,60
4326,60
4327,61
4328,59
4329,60
4330,60
4331,61
4332,60
4333,61
4334,61
4335,62
4336,59
4337,60
4338,60
4339,61
4340,60
4341,61
4342,61
4343,62
4344,60
4345,61
4346,61
4347,62
4348,61
4349,62
4350,62
4351,63
4352,56
4353,57
4354,57
4355,58
4356,57
4357,58
4358,58
4359,59
4360,57
4361,58
4362,58
4363,59
4364,58
4365,59
4366,59
4367,60
4368,57
4369,58
4370,58
4371,59
4372,58
4373,59
4374,59
4375,60
4376,58
4377,59
4378,59
4379,60
4380,59
4381,60
4382,60
4383,61
4384,57
4385,58
4386,58
4387,59
4388,58
4389,59
4390,59
4391,60
4392,58
4393,59
4394,59
4395,60
4396,59
4397,60
4398,60
4399,61
4400,58
4401,59
4402,59
4403,60
4404,59
4405,60
4406,60
4407,61
4408,59
4409,60
4410,60
4411,61
4412,60
4413,61
4414,61
4415,62
4416,57
4417,58
4418,58
4419,59
4420,58
4421,59
4422,59
4423,60
4424,58
4425,59
4426,59
4427,60
4428,59
4429,60
4430,60
4431,61
4432,58
4433,59
4434,59
4435,60
4436,59
4437,60
4438,60
4439,61
4440,59
4441,60
4442,60
4443,61
4444,60
4445,61
4446,61
4447,62
4448,58
4449,59
4450,59
4451,60
4452,59
4453,60
4454,60
4455,61
4456,59
4457,60
4458,60
4459,61
4460,60
4461,61
4462,61
4463,62
4464,59
4465,60
4466,60
4467,61
4468,60
4469,61
4470,61
4471,62
4472,60
4473,61
4474,61
4475,62
4476,61
4477,62
4478,62
4479,63
4480,57
4481,58
4482,58
4483,59
4484,58
4485,59
4486,59
4487,60
4488,58
4489,59
4490,59
4491,60
4492,59
4493,60
4494,60
4495,61
4496,58
4497,59
4498,59
4499,60
4500,59
4501,60
4502,60
4503,61
4504,59
4505,60
4506,60
4507,61
4508,60
4509,61
4510,61
4511,62
4512,58
4513,59
4514,59
4515,60
4516,59
4517,60
4518,60
4519,61
4520,59
4521,60
4522,60
4523,61
4524,60
4525,61
4526,61
4527,62
4528,59
4529,60
4530,60
4531,61
4532,60
4533,61
4534,61
4535,62
4536,60
4537,61
4538,61
4539,62
4540,61
4541,62
4542,62
4543,63
4544,58
4545,59
4546,59
4547,60
4548,59
4549,60
4550,60
4551,61
4552,59
4553,60
4554,60
4555,61
4556,60
4557,61
4558,61
4559,62
4560,59
4561,60
4562,60
4563,61
4564,60
4565,61
4566,61
4567,62
4568,60
4569,61
4570,61
4571,62
4572,61
4573,62
4574,62
4575,63
4576,59
4577,60
4578,60
4579,61
4580,60
4581,61
4582,61
4583,62
4584,60
4585,61
4586,61
4587,62
4588,61
4589,62
4590,62
4591,63
4592,60
4593,61
4594,61
4595,62
4596,61
4597,62
4598,62
4599,63
4600,61
4601,62
4602,62
4603,63
4604,62
4605,63
4606,63
4607,64
4608,56
4609,57
4610,57
4611,58
4612,57
4613,58
4614,58
4615,59
4616,57
4617,58
4618,58
4619,59
4620,58
4621,59
4622,59
4623,60
4624,57
4625,58
4626,58
4627,59
4628,58
4629,59
4630,59
4631,60
4632,58
4633,59
4634,59
4635,60
4636,59
4637,60
4638,60
4639,61
4640,57
4641,58
4642,58
4643,59
4644,58
4645,59
4646,59
4647,60
4648,58
4649,59
4650,59
4651,60
4652,59
4653,60
4654,60
4655,61
4656,58
4657,59
4658,59
4659,60
4660,59
4661,60
4662,60
4663,61
4664,59
4665,60
4666,60
4667,61
4668,60
4669,61
4670,61
4671,62
4672,57
4673,58
4674,58
4675,59
4676,58
4677,59
4678,59
4679,60
4680,58
4681,59
4682,59
4683,60
4684,59
4685,60
4686,60
4687,61
4688,58
4689,59
4690,59
4691,60
4692,59
4693,60
4694,60
4695,61
4696,59
4697,60
4698,60
4699,61
4700,60
4701,61
4702,61
4703,62
4704,58
4705,59
4706,59
4707,60
4708,59
4709,60
4710,60
4711,61
4712,59
4713,60
4714,60
4715,61
4716,60
4717,61
4718,61
4719,62
4720,59
4721,60
4722,60
4723,61
4724,60
4725,61
4726,61
4727,62
4728,60
4729,61
4730,61
4731,62
4732,61
4733,62
4734,62
4735,63
4736,57
4737,58
4738,58
4739,59
4740,58
4741,59
4742,59
4743,60
4744,58
4745,59
4746,59
4747,60
4748,59
4749,60
4750,60
4751,61
4752,58
4753,59
4754,59
4755,60
4756,59
4757,60
4758,60
4759,61
4760,59
4761,60
4762,60
4763,61
4764,60
4765,61
4766,61
4767,62
4768,58
4769,59
4770,59
4771,60
4772,59
4773,60
4774,60
4775,61
4776,59
4777,60
4778,60
4779,61
4780,60
4781,61
4782,61
4783,62
4784,59
4785,60
4786,60
4787,61
4788,60
4789,61
4790,61
4791,62
4792,60
4793,61
4794,61
4795,62
4796,61
4797,62
4798,62
4799,63
4800,58
4801,59
4802,59
4803,60
4804,59
4805,60
4806,60
4807,61
4808,59
4809,60
4810,60
4811,61
4812,60
4813,61
4814,61
4815,62
4816,59
4817,60
4818,60
4819,61
4820,60
4821,61
4822,61
4823,62
4824,60
4825,61
4826,61
4827,62
4828,61
4829,62
4830,62
4831,63
4832,59
4833,60
4834,60
4835,61
4836,60
4837,61
4838,61
4839,62
4840,60
4841,61
4842,61
4843,62
4844,61
4845,62
4846,62
4847,63
4848,60
4849,61
4850,61
4851,62
4852,61
4853,62
4854,62
4855,63
4856,61
4857,62
4858,62
4859,63
4860,62
4861,63
4862,63
4863,64
4864,57
4865,58
4866,58
4867,59
4868,58
4869,59
4870,59
4871,60
4872,58
4873,59
4874,59
4875,60
4876,59
4877,60
4878,60
4879,61
4880,58
4881,59
4882,59
4883,60
4884,59
4885,60
4886,60
4887,61
4888,59
4889,60
4890,60
4891,61
4892,60
4893,61
4894,61
4895,62
4896,58
4897,59
4898,59
4899,60
4900,59
4901,60
4902,60
4903,61
4904,59
4905,60
4906,60
4907,61
4908,60
4909,61
4910,61
4911,62
4912,59
4913,60
4914,60
4915,61
4916,60
4917,61
4918,61
4919,62
4920,60
4921,61
4922,61
4923,62
4924,61
4925,62
4926,62
4927,63
4928,58
4929,59
4930,59
4931,60
4932,59
4933,60
4934,60
4935,61
4936,59
4937,60
4938,60
4939,61
4940,60
4941,61
4942,61
4943,62
4944,59
4945,60
4946,60
4947,61
4948,60
4949,61
4950,61
4951,62
4952,60
4953,61
4954,61
4955,62
4956,61
4957,62
4958,62
4959,63
4960,59
4961,60
4962,60
4963,61
4964,60
4965,61
4966,61
4967,62
4968,60
4969,61
4970,61
4971,62
4972,61
4973,62
4974,62
4975,63
4976,60
4977,61
4978,61
4979,62
4980,61
4981,62
4982,62
4983,63
4984,61
4985,62
4986,62
4987,63
4988,62
4989,63
4990,63
4991,64
4992,58
4993,59
4994,59
4995,60
4996,59
4997,60
4998,60
4999,61
5000,59
5001,60
5002,60
5003,61
5004,60
5005,61
5006,61
5007,62
5008,59
5009,60
5010,60
5011,61
5012,60
5013,61
5014,61
5015,62
5016,60
5017,61
5018,61
5019,62
5020,61
5021,62
5022,62
5023,63
5024,59
5025,60
5026,60
5027,61
5028,60
5029,61
5030,61
5031,62
5032,60
5033,61
5034,61
5035,62
5036,61
5037,62
5038,62
5039,63
5040,60
5041,61
5042,61
5043,62
5044,61
5045,62
5046,62
5047,63
5048,61
5049,62
5050,62
5051,63
5052,62
5053,63
5054,63
5055,64
5056,59
5057,60
5058,60
5059,61
5060,60
5061,61
5062,61
5063,62
5064,60
5065,61
5066,61
5067,62
5068,61
5069,62
5070,62
5071,63
5072,60
5073,61
5074,61
5075,62
5076,61
5077,62
5078,62
5079,63
5080,61
5081,62
5082,62
5083,63
5084,62
5085,63
5086,63
5087,64
5088,60
5089,61
5090,61
5091,62
5092,61
5093,62
5094,62
5095,63
5096,61
5097,62
5098,62
5099,63
5100,62
5101,63
5102,63
5103,64
5104,61
5105,62
5106,62
5107,63
5108,62
5109,63
5110,63
5111,64
5112,62
5113,63
5114,63
5115,64
5116,63
5117,64
5118,64
5119,65
5120,56
5121,57
5122,57
5123,58
5124,57
5125,58
5126,58
5127,59
5128,57
5129,58
5130,58
5131,59
5132,58
5133,59
5134,59
5135,60
5136,57
5137,58
5138,58
5139,59
5140,58
5141,59
5142,59
5143,60
5144,58
5145,59
5146,59
5147,60
5148,59
5149,60
5150,60
5151,61
5152,57
5153,58
5154,58
5155,59
5156,58
5157,59
5158,59
5159,60
5160,58
5161,59
5162,59
5163,60
5164,59
5165,60
5166,60
5167,61
5168,58
5169,59
5170,59
5171,60
5172,59
5173,60
5174,60
5175,61
5176,59
5177,60
5178,60
5179,61
5180,60
5181,61
5182,61
5183,62
5184,57
5185,58
5186,58
5187,59
5188,58
5189,59
5190,59
5191,60
5192,58
5193,59
5194,59
5195,60
5196,59
5197,60
5198,60
5199,61
5200,58
5201,59
5202,59
5203,60
5204,59
5205,60
5206,60
5207,61
5208,59
5209,60
5210,60
5211,61
5212,60
5213,61
5214,61
5215,62
5216,58
5217,59
5218,59
5219,60
5220,59
5221,60
5222,60
5223,61
5224,59
5225,60
5226,60
5227,61
5228,60
5229,61
5230,61
5231,62
5232,59
5233,60
5234,60
5235,61
5236,60
5237,61
5238,61
5239,62
5240,60
5241,61
5242,61
5243,62
5244,61
5245,62
5246,62
5247,63
5248,57
5249,58
5250,58
5251,59
5252,58
5253,59
5254,59
5255,60
5256,58
5257,59
5258,59
5259,60
5260,59
5261,60
5262,60
5263,61
5264,58
5265,59
5266,59
5267,60
5268,59
5269,60
5270,60
5271,61
5272,59
5273,60
5274,60
5275,61
5276,60
5277,61
5278,61
5279,62
5280,58
5281,59
5282,59
5283,60
5284,59
5285,60
5286,60
5287,61
5288,59
5289,60
5290,60
5291,61
5292,60
5293,61
5294,61
5295,62
5296,59
5297,60
5298,60
5299,61
5300,60
5301,61
5302,61
5303,62
5304,60
5305,61
5306,61
5307,62
5308,61
5309,62
5310,62
5311,63
5312,58
5313,59
5314,59
5315,60
5316,59
5317,60
5318,60
5319,61
5320,59
5321,60
5322,60
5323,61
5324,60
5325,61
5326,61
5327,62
5328,59
5329,60
5330,60
5331,61
5332,60
5333,61
5334,61
5335,62
5336,60
5337,61
5338,61
5339,62
5340,61
5341,62
5342,62
5343,63
5344,59
5345,60
5346,60
5347,61
5348,60
5349,61
5350,61
5351,62
5352,60
5353,61
5354,61
5355,62
5356,61
5357,62
5358,62
5359,63
5360,60
5361,61
5362,61
5363,62
5364,61
5365,62
5366,62
5367,63
5368,61
5369,62
5370,62
5371,63
5372,62
5373,63
5374,63
5375,64
5376,57
5377,58
5378,58
5379,59
5380,58
5381,59
5382,59
5383,60
5384,58
5385,59
5386,59
5387,60
5388,59
5389,60
5390,60
5391,61
5392,58
5393,59
5394,59
5395,60
5396,59
5397,60
5398,60
5399,61
5400,59
5401,60
5402,60
5403,61
5404,60
5405,61
5406,61
5407,62
5408,58
5409,59
5410,59
5411,60
5412,59
5413,60
5414,60
5415,61
5416,59
5417,60
5418,60
5419,61
5420,60
5421,61
5422,61
5423,62
5424,59
5425,60
5426,60
5427,61
5428,60
5429,61
5430,61
5431,62
5432,60
5433,61
5434,61
5435,62
5436,61
5437,62
5438,62
5439,63
5440,58
5441,59
5442,59
5443,60
5444,59
5445,60
5446,60
5447,61
5448,59
5449,60
5450,60
5451,61
5452,60
5453,61
5454,61
5455,62
5456,59
5457,60
5458,60
5459,61
5460,60
5461,61
5462,61
5463,62
5464,60
5465,61
5466,61
5467,62
5468,61
5469,62
5470,62
5471,63
5472,59
5473,60
5474,60
5475,61
5476,60
5477,61
5478,61
5479,62
5480,60
5481,61
5482,61
5483,62
5484,61
5485,62
5486,62
5487,63
5488,60
5489,61
5490,61
5491,62
5492,61
5493,62
5494,62
5495,63
5496,61
5497,62
5498,62
5499,63
5500,62
5501,63
5502,63
5503,64
5504,58
5505,59
5506,59
5507,60
5508,59
5509,60
5510,60
5511,61
5512,59
5513,60
5514,60
5515,61
5516,60
5517,61
5518,61
5519,62
5520,59
5521,60
5522,60
5523,61
5524,60
5525,61
5526,61
5527,62
5528,60
5529,61
5530,61
5531,62
5532,61
5533,62
5534,62
5535,63
5536,59
5537,60
5538,60
5539,61
5540,60
5541,61
5542,61
5543,62
5544,60
5545,61
5546,61
5547,62
5548,61
5549,62
5550,62
5551,63
5552,60
5553,61
5554,61
5555,62
5556,61
5557,62
5558,62
5559,63
5560,61
5561,62
5562,62
5563,63
5564,62
5565,63
5566,63
5567,64
5568,59
5569,60
5570,60
5571,61
5572,60
5573,61
5574,61
5575,62
5576,60
5577,61
5578,61
5579,62
5580,61
5581,62
5582,62
5583,63
5584,60
5585,61
5586,61
5587,62
5588,61
5589,62
5590,62
5591,63
5592,61
5593,62
5594,62
5595,63
5596,62
5597,63
5598,63
5599,64
5600,60
5601,61
5602,61
5603,62
5604,61
5605,62
5606,62
5607,63
5608,61
5609,62
5610,62
5611,63
5612,62
5613,63
5614,63
5615,64
5616,61
5617,62
5618,62
5619,63
5620,62
5621,63
5622,63
5623,64
5624,62
5625,63
5626,63
5627,64
5628,63
5629,64
5630,64
5631,65
5632,57
5633,58
5634,58
5635,59
5636,58
5637,59
5638,59
5639,60
5640,58
5641,59
5642,59
5643,60
5644,59
5645,60
5646,60
5647,61
5648,58
5649,59
5650,59
5651,60
5652,59
5653,60
5654,60
5655,61
5656,59
5657,60
5658,60
5659,61
5660,60
5661,61
5662,61
5663,62
5664,58
5665,59
5666,59
5667,60
5668,59
5669,60
5670,60
5671,61
5672,59
5673,60
5674,60
5675,61
5676,60
5677,61
5678,61
5679,62
5680,59
5681,60
5682,60
5683,61
5684,60
5685,61
5686,61
5687,62
5688,60
5689,61
5690,61
5691,62
5692,61
5693,62
5694,62
5695,63
5696,58
5697,59
5698,59
5699,60
5700,59
5701,60
5702,60
5703,61
5704,59
5705,60
5706,60
5707,61
5708,60
5709,61
5710,61
5711,62
5712,59
5713,60
5714,60
5715,61
5716,60
5717,61
5718,61
5719,62
5720,60
5721,61
5722,61
5723,62
5724,61
5725,62
5726,62
5727,63
5728,59
5729,60
5730,60
5731,61
5732,60
5733,61
5734,61
5735,62
5736,60
5737,61
5738,61
5739,62
5740,61
5741,62
5742,62
5743,63
5744,60
5745,61
5746,61
5747,62
5748,61
5749,62
5750,62
5751,63
5752,61
5753,62
5754,62
5755,63
5756,62
5757,63
5758,63
5759,64
5760,58
5761,59
5762,59
5763,60
5764,59
5765,60
5766,60
5767,61
5768,59
5769,60
5770,60
5771,61
5772,60
5773,61
5774,61
5775,62
5776,59
5777,60
5778,60
5779,61
5780,60
5781,61
5782,61
5783,62
5784,60
5785,61
5786,61
5787,62
5788,61
5789,62
5790,62
5791,63
5792,59
5793,60
5794,60
5795,61
5796,60
5797,61
5798,61
5799,62
5800,60
5801,61
5802,61
5803,62
5804,61
5805,62
5806,62
5807,63
5808,60
5809,61
5810,61
5811,62
5812,61
5813,62
5814,62
5815,63
5816,61
5817,62
5818,62
5819,63
5820,62
5821,63
5822,63
5823,64
5824,59
5825,60
5826,60
5827,61
5828,60
5829,61
5830,61
5831,62
5832,60
5833,61
5834,61
5835,62
5836,61
5837,62
5838,62
5839,63
5840,60
5841,61
5842,61
5843,62
5844,61
5845,62
5846,62
5847,63
5848,61
5849,62
5850,62
5851,63
5852,62
5853,63
5854,63
5855,64
5856,60
5857,61
5858,61
5859,62
5860,61
5861,62
5862,62
5863,63
5864,61
5865,62
5866,62
5867,63
5868,62
5869,63
5870,63
5871,64
5872,61
5873,62
5874,62
5875,63
5876,62
5877,63
5878,63
5879,64
5880,62
5881,63
5882,63
5883,64
5884,63
5885,64
5886,64
5887,65
5888,58
5889,59
5890,59
5891,60
5892,59
5893,60
5894,60
5895,61
5896,59
5897,60
5898,60
5899,61
5900,60
5901,61
5902,61
5903,62
5904,59
5905,60
5906,60
5907,61
5908,60
5909,61
5910,61
5911,62
5912,60
5913,61
5914,61
5915,62
5916,61
5917,62
5918,62
5919,63
5920,59
5921,60
5922,60
5923,61
5924,60
5925,61
5926,61
5927,62
5928,60
5929,61
5930,61
5931,62
5932,61
5933,62
5934,62
5935,63
5936,60
5937,61
5938,61
5939,62
5940,61
5941,62
5942,62
5943,63
5944,61
5945,62
5946,62
5947,63
5948,62
5949,63
5950,63
5951,64
5952,59
5953,60
5954,60
5955,61
5956,60
5957,61
5958,61
5959,62
5960,60
5961,61
5962,61
5963,62
5964,61
5965,62
5966,62
5967,63
5968,60
5969,61
5970,61
5971,62
5972,61
5973,62
5974,62
5975,63
5976,61
5977,62
5978,62
5979,63
5980,62
5981,63
5982,63
5983,64
5984,60
5985,61
5986,61
5987,62
5988,61
5989,62
5990,62
5991,63
5992,61
5993,62
5994,62
5995,63
5996,62
5997,63
5998,63
5999,64
6000,61
6001,62
6002,62
6003,63
6004,62
6005,63
6006,63
6007,64
6008,62
6009,63
6010,63
6011,64
6012,63
6013,64
6014,64
6015,65
6016,59
6017,60
6018,60
6019,61
6020,60
6021,61
6022,61
6023,62
6024,60
6025,61
6026,61
6027,62
6028,61
6029,62
6030,62
6031,63
6032,60
6033,61
6034,61
6035,62
6036,61
6037,62
6038,62
6039,63
6040,61
6041,62
6042,62
6043,63
6044,62
6045,63
6046,63
6047,64
6048,60
6049,61
6050,61
6051,62
6052,61
6053,62
6054,62
6055,63
6056,61
6057,62
6058,62
6059,63
6060,62
6061,63
6062,63
6063,64
6064,61
6065,62
6066,62
6067,63
6068,62
6069,63
6070,63
6071,64
6072,62
6073,63
6074,63
6075,64
6076,63
6077,64
6078,64
6079,65
6080,60
6081,61
6082,61
6083,62
6084,61
6085,62
6086,62
6087,63
6088,61
6089,62
6090,62
6091,63
6092,62
6093,63
6094,63
6095,64
6096,61
6097,62
6098,62
6099,63
6100,62
6101,63
6102,63
6103,64
6104,62
6105,63
6106,63
6107,64
6108,63
6109,64
6110,64
6111,65
6112,61
6113,62
6114,62
6115,63
6116,62
6117,63
6118,63
6119,64
6120,62
6121,63
6122,63
6123,64
6124,63
6125,64
6126,64
6127,65
6128,62
6129,63
6130,63
6131,64
6132,63
6133,64
6134,64
6135,65
6136,63
6137,64
6138,64
6139,65
6140,64
6141,65
6142,65
6143,66
6144,56
6145,57
6146,57
6147,58
6148,57
6149,58
6150,58
6151,59
6152,57
6153,58
6154,58
6155,59
6156,58
6157,59
6158,59
6159,60
6160,57
6161,58
6162,58
6163,59
6164,58
6165,59
6166,59
6167,60
6168,58
6169,59
6170,59
6171,60
6172,59
6173,60
6174,60
6175,61
6176,57
6177,58
6178,58
6179,59
6180,58
6181,59
6182,59
6183,60
6184,58
6185,59
6186,59
6187,60
6188,59
6189,60
6190,60
6191,61
6192,58
6193,59
6194,59
6195,60
6196,59
6197,60
6198,60
6199,61
6200,59
6201,60
6202,60
6203,61
6204,60
6205,61
6206,61
6207,62
6208,57
6209,58
6210,58
6211,59
6212,58
6213,59
6214,59
6215,60
6216,58
6217,59
6218,59
6219,60
6220,59
6221,60
6222,60
6223,61
6224,58
6225,59
6226,59
6227,60
6228,59
6229,60
6230,60
6231,61
6232,59
6233,60
6234,60
6235,61
6236,60
6237,61
6238,61
6239,62
6240,58
6241,59
6242,59
6243,60
6244,59
6245,60
6246,60
6247,61
6248,59
6249,60
6250,60
6251,61
6252,60
6253,61
6254,61
6255,62
6256,59
6257,60
6258,60
6259,61
6260,60
6261,61
6262,61
6263,62
6264,60
6265,61
6266,61
6267,62
6268,61
6269,62
6270,62
6271,63
6272,57
6273,58
6274,58
6275,59
6276,58
6277,59
6278,59
6279,60
6280,58
6281,59
6282,59
6283,60
6284,59
6285,60
6286,60
6287,61
6288,58
6289,59
6290,59
6291,60
6292,59
6293,60
6294,60
6295,61
6296,59
6297,60
6298,60
6299,61
6300,60
6301,61
6302,61
6303,62
6304,58
6305,59
6306,59
6307,60
6308,59
6309,60
6310,60
6311,61
6312,59
6313,60
6314,60
6315,61
6316,60
6317,61
6318,61
6319,62
6320,59
6321,60
6322,60
6323,61
6324,60
6325,61
6326,61
6327,62
6328,60
6329,61
6330,61
6331,62
6332,61
6333,62
6334,62
6335,63
6336,58
6337,59
6338,59
6339,60
6340,59
6341,60
6342,60
6343,61
6344,59
6345,60
6346,60
6347,61
6348,60
6349,61
6350,61
6351,62
6352,59
6353,60
6354,60
6355,61
6356,60
6357,61
6358,61
6359,62
6360,60
6361,61
6362,61
6363,62
6364,61
6365,62
6366,62
6367,63
6368,59
6369,60
6370,60
6371,61
6372,60
6373,61
6374,61
6375,62
6376,60
6377,61
6378,61
6379,62
6380,61
6381,62
6382,62
6383,63
6384,60
6385,61
6386,61
6387,62
6388,61
6389,62
6390,62
6391,63
6392,61
6393,62
6394,62
6395,63
6396,62
6397,63
6398,63
6399,64
6400,57
6401,58
6402,58
6403,59
6404,58
6405,59
6406,59
6407,60
6408,58
6409,59
6410,59
6411,60
6412,59
6413,60
6414,60
6415,61
6416,58
6417,59
6418,59
6419,60
6420,59
6421,60
6422,60
6423,61
6424,59
6425,60
6426,60
6427,61
6428,60
6429,61
6430,61
6431,62
6432,58
6433,59
6434,59
6435,60
6436,59
6437,60
6438,60
6439,61
6440,59
6441,60
6442,60
6443,61
6444,60
6445,61
6446,61
6447,62
6448,59
6449,60
6450,60
6451,61
6452,60
6453,61
6454,61
6455,62
6456,60
6457,61
6458,61
6459,62
6460,61
6461,62
6462,62
6463,63
6464,58
6465,59
6466,59
6467,60
6468,59
6469,60
6470,60
6471,61
6472,59
6473,60
6474,60
6475,61
6476,60
6477,61
6478,61
6479,62
6480,59
6481,60
6482,60
6483,61
6484,60
6485,61
6486,61
6487,62
6488,60
6489,61
6490,61
6491,62
6492,61
6493,62
6494,62
6495,63
6496,59
6497,60
6498,60
6499,61
6500,60
6501,61
6502,61
6503,62
6504,60
6505,61
6506,61
6507,62
6508,61
6509,62
6510,62
6511,63
6512,60
6513,61
6514,61
6515,62
6516,61
6517,62
6518,62
6519,63
6520,61
6521,62
6522,62
6523,63
6524,62
6525,63
6526,63
6527,64
6528,58
6529,59
6530,59
6531,60
6532,59
6533,60
6534,60
6535,61
6536,59
6537,60
6538,60
6539,61
6540,60
6541,61
6542,61
6543,62
6544,59
6545,60
6546,60
6547,61
6548,60
6549,61
6550,61
6551,62
6552,60
6553,61
6554,61
6555,62
6556,61
6557,62
6558,62
6559,63
6560,59
6561,60
6562,60
6563,61
6564,60
6565,61
6566,61
6567,62
6568,60
6569,61
6570,61
6571,62
6572,61
6573,62
6574,62
6575,63
6576,60
6577,61
6578,61
6579,62
6580,61
6581,62
6582,62
6583,63
6584,61
6585,62
6586,62
6587,63
6588,62
6589,63
6590,63
6591,64
6592,59
6593,60
6594,60
6595,61
6596,60
6597,61
6598,61
6599,62
6600,60
6601,61
6602,61
6603,62
6604,61
6605,62
6606,62
6607,63
6608,60
6609,61
6610,61
6611,62
6612,61
6613,62
6614,62
6615,63
6616,61
6617,62
6618,62
6619,63
6620,62
6621,63
6622,63
6623,64
6624,60
6625,61
6626,61
6627,62
6628,61
6629,62
6630,62
6631,63
6632,61
6633,62
6634,62
6635,63
6636,62
6637,63
6638,63
6639,64
6640,61
6641,62
6642,62
6643,63
6644,62
6645,63
6646,63
6647,64
6648,62
6649,63
6650,63
6651,64
6652,63
6653,64
6654,64
6655,65
6656,57
6657,58
6658,58
6659,59
6660,58
6661,59
6662,59
6663,60
6664,58
6665,59
6666,59
6667,60
6668,59
6669,60
6670,60
6671,61
6672,58
6673,59
6674,59
6675,60
6676,59
6677,60
6678,60
6679,61
6680,59
6681,60
6682,60
6683,61
6684,60
6685,61
6686,61
6687,62
6688,58
6689,59
6690,59
6691,60
6692,59
6693,60
6694,60
6695,61
6696,59
6697,60
6698,60
6699,61
6700,60
6701,61
6702,61
6703,62
6704,59
6705,60
6706,60
6707,61
6708,60
6709,61
6710,61
6711,62
6712,60
6713,61
6714,61
6715,62
6716,61
6717,62
6718,62
6719,63
6720,58
6721,59
6722,59
6723,60
6724,59
6725,60
6726,60
6727,61
6728,59
6729,60
6730,60
6731,61
6732,60
6733,61
6734,61
6735,62
6736,59
6737,60
6738,60
6739,61
6740,60
6741,61
6742,61
6743,62
6744,60
6745,61
6746,61
6747,62
6748,61
6749,62
6750,62
6751,63
6752,59
6753,60
6754,60
6755,61
6756,60
6757,61
6758,61
6759,62
6760,60
6761,61
6762,61
6763,62
6764,61
6765,62
6766,62
6767,63
6768,60
6769,61
6770,61
6771,62
6772,61
6773,62
6774,62
6775,63
6776,61
6777,62
6778,62
6779,63
6780,62
6781,63
6782,63
6783,64
6784,58
6785,59
6786,59
6787,60
6788,59
6789,60
6790,60
6791,61
6792,59
6793,60
6794,60
6795,61
6796,60
6797,61
6798,61
6799,62
6800,59
6801,60
6802,60
6803,61
6804,60
6805,61
6806,61
6807,62
6808,60
6809,61
6810,61
6811,62
6812,61
6813,62
6814,62
6815,63
6816,59
6817,60
6818,60
6819,61
6820,60
6821,61
6822,61
6823,62
6824,60
6825,61
6826,61
6827,62
6828,61
6829,62
6830,62
6831,63
6832,60
6833,61
6834,61
6835,62
6836,61
6837,62
6838,62
6839,63
6840,61
6841,62
6842,62
6843,63
6844,62
6845,63
6846,63
6847,64
6848,59
6849,60
6850,60
6851,61
6852,60
6853,61
6854,61
6855,62
6856,60
6857,61
6858,61
6859,62
6860,61
6861,62
6862,62
6863,63
6864,60
6865,61
6866,61
6867,62
6868,61
6869,62
6870,62
6871,63
6872,61
6873,62
6874,62
6875,63
6876,62
6877,63
6878,63
6879,64
6880,60
6881,61
6882,61
6883,62
6884,61
6885,62
6886,62
6887,63
6888,61
6889,62
6890,62
6891,63
6892,62
6893,63
6894,63
6895,64
6896,61
6897,62
6898,62
6899,63
6900,62
6901,63
6902,63
6903,64
6904,62
6905,63
6906,63
6907,64
6908,63
6909,64
6910,64
6911,65
6912,58
6913,59
6914,59
6915,60
6916,59
6917,60
6918,60
6919,61
6920,59
6921,60
6922,60
6923,61
6924,60
6925,61
6926,61
6927,62
6928,59
6929,60
6930,60
6931,61
6932,60
6933,61
6934,61
6935,62
6936,60
6937,61
6938,61
6939,62
6940,61
6941,62
6942,62
6943,63
6944,59
6945,60
6946,60
6947,61
6948,60
6949,61
6950,61
6951,62
6952,60
6953,61
6954,61
6955,62
6956,61
6957,62
6958,62
6959,63
6960,60
6961,61
6962,61
6963,62
6964,61
6965,62
6966,62
6967,63
6968,61
6969,62
6970,62
6971,63
6972,62
6973,63
6974,63
6975,64
6976,59
6977,60
6978,60
6979,61
6980,60
6981,61
6982,61
6983,62
6984,60
6985,61
6986,61
6987,62
6988,61
6989,62
6990,62
6991,63
6992,60
6993,61
6994,61
6995,62
6996,61
6997,62
6998,62
6999,63
7000,61
7001,62
7002,62
7003,63
7004,62
7005,63
7006,63
7007,64
7008,60
7009,61
7010,61
7011,62
7012,61
7013,62
7014,62
7015,63
7016,61
7017,62
7018,62
7019,63
7020,62
7021,63
7022,63
7023,64
7024,61
7025,62
7026,62
7027,63
7028,62
7029,63
7030,63
7031,64
7032,62
7033,63
7034,63
7035,64
7036,63
7037,64
7038,64
7039,65
7040,59
7041,60
7042,60
7043,61
7044,60
7045,61
7046,61
7047,62
7048,60
7049,61
7050,61
7051,62
7052,61
7053,62
7054,62
7055,63
7056,60
7057,61
7058,61
7059,62
7060,61
7061,62
7062,62
7063,63
7064,61
7065,62
7066,62
7067,63
7068,62
7069,63
7070,63
7071,64
7072,60
7073,61
7074,61
7075,62
7076,61
7077,62
7078,62
7079,63
7080,61
7081,62
7082,62
7083,63
7084,62
7085,63
7086,63
7087,64
7088,61
7089,62
7090,62
7091,63
7092,62
7093,63
7094,63
7095,64
7096,62
7097,63
7098,63
7099,64
7100,63
7101,64
7102,64
7103,65
7104,60
7105,61
7106,61
7107,62
7108,61
7109,62
7110,62
7111,63
7112,61
7113,62
7114,62
7115,63
7116,62
7117,63
7118,63
7119,64
7120,61
7121,62
7122,62
7123,63
7124,62
7125,63
7126,63
7127,64
7128,62
7129,63
7130,63
7131,64
7132,63
7133,64
7134,64
7135,65
7136,61
7137,62
7138,62
7139,63
7140,62
7141,63
7142,63
7143,64
7144,62
7145,63
7146,63
7147,64
7148,63
7149,64
7150,64
7151,65
7152,62
7153,63
7154,63
7155,64
7156,63
7157,64
7158,64
7159,65
7160,63
7161,64
7162,64
7163,65
7164,64
7165,65
7166,65
7167,66
7168,57
7169,58
7170,58
7171,59
7172,58
7173,59
7174,59
7175,60
7176,58
7177,59
7178,59
7179,60
7180,59
7181,60
7182,60
7183,61
7184,58
7185,59
7186,59
7187,60
7188,59
7189,60
7190,60
7191,61
7192,59
7193,60
7194,60
7195,61
7196,60
7197,61
7198,61
7199,62
7200,58
7201,59
7202,59
7203,60
7204,59
7205,60
7206,60
7207,61
7208,59
7209,60
7210,60
7211,61
7212,60
7213,61
7214,61
7215,62
7216,59
7217,60
7218,60
7219,61
7220,60
7221,61
7222,61
7223,62
7224,60
7225,61
7226,61
7227,62
7228,61
7229,62
7230,62
7231,63
7232,58
7233,59
7234,59
7235,60
7236,59
7237,60
7238,60
7239,61
7240,59
7241,60
7242,60
7243,61
7244,60
7245,61
7246,61
7247,62
7248,59
7249,60
7250,60
7251,61
7252,60
7253,61
7254,61
7255,62
7256,60
7257,61
7258,61
7259,62
7260,61
7261,62
7262,62
7263,63
7264,59
7265,60
7266,60
7267,61
7268,60
7269,61
7270,61
7271,62
7272,60
7273,61
7274,61
7275,62
7276,61
7277,62
7278,62
7279,63
7280,60
7281,61
7282,61
7283,62
7284,61
7285,62
7286,62
7287,63
7288,61
7289,62
7290,62
7291,63
7292,62
7293,63
7294,63
7295,64
7296,58
7297,59
7298,59
7299,60
7300,59
7301,60
7302,60
7303,61
7304,59
7305,60
7306,60
7307,61
7308,60
7309,61
7310,61
7311,62
7312,59
7313,60
7314,60
7315,61
7316,60
7317,61
7318,61
7319,62
7320,60
7321,61
7322,61
7323,62
7324,61
7325,62
7326,62
7327,63
7328,59
7329,60
7330,60
7331,61
7332,60
7333,61
7334,61
7335,62
7336,60
7337,61
7338,61
7339,62
7340,61
7341,62
7342,62
7343,63
7344,60
7345,61
7346,61
7347,62
7348,61
7349,62
7350,62
7351,63
7352,61
7353,62
7354,62
7355,63
7356,62
7357,63
7358,63
7359,64
7360,59
7361,60
7362,60
7363,61
7364,60
7365,61
7366,61
7367,62
7368,60
7369,61
7370,61
7371,62
7372,61
7373,62
7374,62
7375,63
7376,60
7377,61
7378,61
7379,62
7380,61
7381,62
7382,62
7383,63
7384,61
7385,62
7386,62
7387,63
7388,62
7389,63
7390,63
7391,64
7392,60
7393,61
7394,61
7395,62
7396,61
7397,62
7398,62
7399,63
7400,61
7401,62
7402,62
7403,63
7404,62
7405,63
7406,63
7407,64
7408,61
7409,62
7410,62
7411,63
7412,62
7413,63
7414,63
7415,64
7416,62
7417,63
7418,63
7419,64
7420,63
7421,64
7422,64
7423,65
7424,58
7425,59
7426,59
7427,60
7428,59
7429,60
7430,60
7431,61
7432,59
7433,60
7434,60
7435,61
7436,60
7437,61
7438,61
7439,62
7440,59
7441,60
7442,60
7443,61
7444,60
7445,61
7446,61
7447,62
7448,60
7449,61
7450,61
7451,62
7452,61
7453,62
7454,62
7455,63
7456,59
7457,60
7458,60
7459,61
7460,60
7461,61
7462,61
7463,62
7464,60
7465,61
7466,61
7467,62
7468,61
7469,62
7470,62
7471,63
7472,60
7473,61
7474,61
7475,62
7476,61
7477,62
7478,62
7479,63
7480,61
7481,62
7482,62
7483,63
7484,62
7485,63
7486,63
7487,64
7488,59
7489,60
7490,60
7491,61
7492,60
7493,61
7494,61
7495,62
7496,60
7497,61
7498,61
7499,62
7500,61
7501,62
7502,62
7503,63
7504,60
7505,61
7506,61
7507,62
7508,61
7509,62
7510,62
7511,63
7512,61
7513,62
7514,62
7515,63
7516,62
7517,63
7518,63
7519,64
7520,60
7521,61
7522,61
7523,62
7524,61
7525,62
7526,62
7527,63
7528,61
7529,62
7530,62
7531,63
7532,62
7533,63
7534,63
7535,64
7536,61
7537,62
7538,62
7539,63
7540,62
7541,63
7542,63
7543,64
7544,62
7545,63
7546,63
7547,64
7548,63
7549,64
7550,64
7551,65
7552,59
7553,60
7554,60
7555,61
7556,60
7557,61
7558,61
7559,62
7560,60
7561,61
7562,61
7563,62
7564,61
7565,62
7566,62
7567,63
7568,60
7569,61
7570,61
7571,62
7572,61
7573,62
7574,62
7575,63
7576,61
7577,62
7578,62
7579,63
7580,62
7581,63
7582,63
7583,64
7584,60
7585,61
7586,61
7587,62
7588,61
7589,62
7590,62
7591,63
7592,61
7593,62
7594,62
7595,63
7596,62
7597,63
7598,63
7599,64
7600,61
7601,62
7602,62
7603,63
7604,62
7605,63
7606,63
7607,64
7608,62
7609,63
7610,63
7611,64
7612,63
7613,64
7614,64
7615,65
7616,60
7617,61
7618,61
7619,62
7620,61
7621,62
7622,62
7623,63
7624,61
7625,62
7626,62
7627,63
7628,62
7629,63
7630,63
7631,64
7632,61
7633,62
7634,62
7635,63
7636,62
7637,63
7638,63
7639,64
7640,62
7641,63
7642,63
7643,64
7644,63
7645,64
7646,64
7647,65
7648,61
7649,62
7650,62
7651,63
7652,62
7653,63
7654,63
7655,64
7656,62
7657,63
7658,63
7659,64
7660,63
7661,64
7662,64
7663,65
7664,62
7665,63
7666,63
7667,64
7668,63
7669,64
7670,64
7671,65
7672,63
7673,64
7674,64
7675,65
7676,64
7677,65
7678,65
7679,66
7680,58
7681,59
7682,59
7683,60
7684,59
7685,60
7686,60
7687,61
7688,59
7689,60
7690,60
7691,61
7692,60
7693,61
7694,61
7695,62
7696,59
7697,60
7698,60
7699,61
7700,60
7701,61
7702,61
7703,62
7704,60
7705,61
7706,61
7707,62
7708,61
7709,62
7710,62
7711,63
7712,59
7713,60
7714,60
7715,61
7716,60
7717,61
7718,61
7719,62
7720,60
7721,61
7722,61
7723,62
7724,61
7725,62
7726,62
7727,63
7728,60
7729,61
7730,61
7731,62
7732,61
7733,62
7734,62
7735,63
7736,61
7737,62
7738,62
7739,63
7740,62
7741,63
7742,63
7743,64
7744,59
7745,60
7746,60
7747,61
7748,60
7749,61
7750,61
7751,62
7752,60
7753,61
7754,61
7755,62
7756,61
7757,62
7758,62
7759,63
7760,60
7761,61
7762,61
7763,62
7764,61
7765,62
7766,62
7767,63
7768,61
7769,62
7770,62
7771,63
7772,62
7773,63
7774,63
7775,64
7776,60
7777,61
7778,61
7779,62
7780,61
7781,62
7782,62
7783,63
7784,61
7785,62
7786,62
7787,63
7788,62
7789,63
7790,63
7791,64
7792,61
7793,62
7794,62
7795,63
7796,62
7797,63
7798,63
7799,64
7800,62
7801,63
7802,63
7803,64
7804,63
7805,64
7806,64
7807,65
7808,59
7809,60
7810,60
7811,61
7812,60
7813,61
7814,61
7815,62
7816,60
7817,61
7818,61
7819,62
7820,61
7821,62
7822,62
7823,63
7824,60
7825,61
7826,61
7827,62
7828,61
7829,62
7830,62
7831,63
7832,61
7833,62
7834,62
7835,63
7836,62
7837,63
7838,63
7839,64
7840,60
7841,61
7842,61
7843,62
7844,61
7845,62
7846,62
7847,63
7848,61
7849,62
7850,62
7851,63
7852,62
7853,63
7854,63
7855,64
7856,61
7857,62
7858,62
7859,63
7860,62
7861,63
7862,63
7863,64
7864,62
7865,63
7866,63
7867,64
7868,63
7869,64
7870,64
7871,65
7872,60
7873,61
7874,61
7875,62
7876,61
7877,62
7878,62
7879,63
7880,61
7881,62
7882,62
7883,63
7884,62
7885,63
7886,63
7887,64
7888,61
7889,62
7890,62
7891,63
7892,62
7893,63
7894,63
7895,64
7896,62
7897,63
7898,63
7899,64
7900,63
7901,64
7902,64
7903,65
7904,61
7905,62
7906,62
7907,63
7908,62
7909,63
7910,63
7911,64
7912,62
7913,63
7914,63
7915,64
7916,63
7917,64
7918,64
7919,65
7920,62
7921,63
7922,63
7923,64
7924,63
7925,64
7926,64
7927,65
7928,63
7929,64
7930,64
7931,65
7932,64
7933,65
7934,65
7935,66
7936,59
7937,60
7938,60
7939,61
7940,60
7941,61
7942,61
7943,62
7944,60
7945,61
7946,61
7947,62
7948,61
7949,62
7950,62
7951,63
7952,60
7953,61
7954,61
7955,62
7956,61
7957,62
7958,62
7959,63
7960,61
7961,62
7962,62
7963,63
7964,62
7965,63
7966,63
7967,64
7968,60
7969,61
7970,61
7971,62
7972,61
7973,62
7974,62
7975,63
7976,61
7977,62
7978,62
7979,63
7980,62
7981,63
7982,63
7983,64
7984,61
7985,62
7986,62
7987,63
7988,62
7989,63
7990,63
7991,64
7992,62
7993,63
7994,63
7995,64
7996,63
7997,64
7998,64
7999,65
8000,60
8001,61
8002,61
8003,62
8004,61
8005,62
8006,62
8007,63
8008,61
8009,62
8010,62
8011,63
8012,62
8013,63
8014,63
8015,64
8016,61
8017,62
8018,62
8019,63
8020,62
8021,63
8022,63
8023,64
8024,62
8025,63
8026,63
8027,64
8028,63
8029,64
8030,64
8031,65
8032,61
8033,62
8034,62
8035,63
8036,62
8037,63
8038,63
8039,64
8040,62
8041,63
8042,63
8043,64
8044,63
8045,64
8046,64
8047,65
8048,62
8049,63
8050,63
8051,64
8052,63
8053,64
8054,64
8055,65
8056,63
8057,64
8058,64
8059,65
8060,64
8061,65
8062,65
8063,66
8064,60
8065,61
8066,61
8067,62
8068,61
8069,62
8070,62
8071,63
8072,61
8073,62
8074,62
8075,63
8076,62
8077,63
8078,63
8079,64
8080,61
8081,62
8082,62
8083,63
8084,62
8085,63
8086,63
8087,64
8088,62
8089,63
8090,63
8091,64
8092,63
8093,64
8094,64
8095,65
8096,61
8097,62
8098,62
8099,63
8100,62
8101,63
8102,63
8103,64
8104,62
8105,63
8106,63
8107,64
8108,63
8109,64
8110,64
8111,65
8112,62
8113,63
8114,63
8115,64
8116,63
8117,64
8118,64
8119,65
8120,63
8121,64
8122,64
8123,65
8124,64
8125,65
8126,65
8127,66
8128,61
8129,62
8130,62
8131,63
8132,62
8133,63
8134,63
8135,64
8136,62
8137,63
8138,63
8139,64
8140,63
8141,64
8142,64
8143,65
8144,62
8145,63
8146,63
8147,64
8148,63
8149,64
8150,64
8151,65
8152,63
8153,64
8154,64
8155,65
8156,64
8157,65
8158,65
8159,66
8160,62
8161,63
8162,63
8163,64
8164,63
8165,64
8166,64
8167,65
8168,63
8169,64
8170,64
8171,65
8172,64
8173,65
8174,65
8175,66
8176,63
8177,64
8178,64
8179,65
8180,64
8181,65
8182,65
8183,66
8184,64
8185,65
8186,65
8187,66
8188,65
8189,66
8190,66
8191,67
8192,59
8193,60
8194,60
8195,61
8196,60
8197,61
8198,61
8199,62
8200,60
8201,61
8202,61
8203,62
8204,61
8205,62
8206,62
8207,63
8208,60
8209,61
8210,61
8211,62
8212,61
8213,62
8214,62
8215,63
8216,61
8217,62
8218,62
8219,63
8220,62
8221,63
8222,63
8223,64
8224,60
8225,61
8226,61
8227,62
8228,61
8229,62
8230,62
8231,63
8232,61
8233,62
8234,62
8235,63
8236,62
8237,63
8238,63
8239,64
8240,61
8241,62
8242,62
8243,63
8244,62
8245,63
8246,63
8247,64
8248,62
8249,63
8250,63
8251,64
8252,63
8253,64
8254,64
8255,65
8256,60
8257,61
8258,61
8259,62
8260,61
8261,62
8262,62
8263,63
8264,61
8265,62
8266,62
8267,63
8268,62
8269,63
8270,63
8271,64
8272,61
8273,62
8274,62
8275,63
8276,62
8277,63
8278,63
8279,64
8280,62
8281,63
8282,63
8283,64
8284,63
8285,64
8286,64
8287,65
8288,61
8289,62
8290,62
8291,63
8292,62
8293,63
8294,63
8295,64
8296,62
8297,63
8298,63
8299,64
8300,63
8301,64
8302,64
8303,65
8304,62
8305,63
8306,63
8307,64
8308,63
8309,64
8310,64
8311,65
8312,63
8313,64
8314,64
8315,65
8316,64
8317,65
8318,65
8319,66
8320,60
8321,61
8322,61
8323,62
8324,61
8325,62
8326,62
8327,63
8328,61
8329,62
8330,62
8331,63
8332,62
8333,63
8334,63
8335,64
8336,61
8337,62
8338,62
8339,63
8340,62
8341,63
8342,63
8343,64
8344,62
8345,63
8346,63
8347,64
8348,63
8349,64
8350,64
8351,65
8352,61
8353,62
8354,62
8355,63
8356,62
8357,63
8358,63
8359,64
8360,62
8361,63
8362,63
8363,64
8364,63
8365,64
8366,64
8367,65
8368,62
8369,63
8370,63
8371,64
8372,63
8373,64
8374,64
8375,65
8376,63
8377,64
8378,64
8379,65
8380,64
8381,65
8382,65
8383,66
8384,61
8385,62
8386,62
8387,63
8388,62
8389,63
8390,63
8391,64
8392,62
8393,63
8394,63
8395,64
8396,63
8397,64
8398,64
8399,65
8400,62
8401,63
8402,63
8403,64
8404,63
8405,64
8406,64
8407,65
8408,63
8409,64
8410,64
8411,65
8412,64
8413,65
8414,65
8415,66
8416,62
8417,63
8418,63
8419,64
8420,63
8421,64
8422,64
8423,65
8424,63
8425,64
8426,64
8427,65
8428,64
8429,65
8430,65
8431,66
8432,63
8433,64
8434,64
8435,65
8436,64
8437,65
8438,65
8439,66
8440,64
8441,65
8442,65
8443,66
8444,65
8445,66
8446,66
8447,67
8448,60
8449,61
8450,61
8451,62
8452,61
8453,62
8454,62
8455,63
8456,61
8457,62
8458,62
8459,63
8460,62
8461,63
8462,63
8463,64
8464,61
8465,62
8466,62
8467,63
8468,62
8469,63
8470,63
8471,64
8472,62
8473,63
8474,63
8475,64
8476,63
8477,64
8478,64
8479,65
8480,61
8481,62
8482,62
8483,63
8484,62
8485,63
8486,63
8487,64
8488,62
8489,63
8490,63
8491,64
8492,63
8493,64
8494,64
8495,65
8496,62
8497,63
8498,63
8499,64
8500,63
8501,64
8502,64
8503,65
8504,63
8505,64
8506,64
8507,65
8508,64
8509,65
8510,65
8511,66
8512,61
8513,62
8514,62
8515,63
8516,62
8517,63
8518,63
8519,64
8520,62
8521,63
8522,63
8523,64
8524,63
8525,64
8526,64
8527,65
8528,62
8529,63
8530,63
8531,64
8532,63
8533,64
8534,64
8535,65
8536,63
8537,64
8538,64
8539,65
8540,64
8541,65
8542,65
8543,66
8544,62
8545,63
8546,63
8547,64
8548,63
8549,64
8550,64
8551,65
8552,63
8553,64
8554,64
8555,65
8556,64
8557,65
8558,65
8559,66
8560,63
8561,64
8562,64
8563,65
8564,64
8565,65
8566,65
8567,66
8568,64
8569,65
8570,65
8571,66
8572,65
8573,66
8574,66
8575,67
8576,61
8577,62
8578,62
8579,63
8580,62
8581,63
8582,63
8583,64
8584,62
8585,63
8586,63
8587,64
8588,63
8589,64
8590,64
8591,65
8592,62
8593,63
8594,63
8595,64
8596,63
8597,64
8598,64
8599,65
8600,63
8601,64
8602,64
8603,65
8604,64
8605,65
8606,65
8607,66
8608,62
8609,63
8610,63
8611,64
8612,63
8613,64
8614,64
8615,65
8616,63
8617,64
8618,64
8619,65
8620,64
8621,65
8622,65
8623,66
8624,63
8625,64
8626,64
8627,65
8628,64
8629,65
8630,65
8631,66
8632,64
8633,65
8634,65
8635,66
8636,65
8637,66
8638,66
8639,67
8640,62
8641,63
8642,63
8643,64
8644,63
8645,64
8646,64
8647,65
8648,63
8649,64
8650,64
8651,65
8652,64
8653,65
8654,65
8655,66
8656,63
8657,64
8658,64
8659,65
8660,64
8661,65
8662,65
8663,66
8664,64
8665,65
8666,65
8667,66
8668,65
8669,66
8670,66
8671,67
8672,63
8673,64
8674,64
8675,65
8676,64
8677,65
8678,65
8679,66
8680,64
8681,65
8682,65
8683,66
8684,65
8685,66
8686,66
8687,67
8688,64
8689,65
8690,65
8691,66
8692,65
8693,66
8694,66
8695,67
8696,65
8697,66
8698,66
8699,67
8700,66
8701,67
8702,67
8703,68
8704,60
8705,61
8706,61
8707,62
8708,61
8709,62
8710,62
8711,63
8712,61
8713,62
8714,62
8715,63
8716,62
8717,63
8718,63
8719,64
8720,61
8721,62
8722,62
8723,63
8724,62
8725,63
8726,63
8727,64
8728,62
8729,63
8730,63
8731,64
8732,63
8733,64
8734,64
8735,65
8736,61
8737,62
8738,62
8739,63
8740,62
8741,63
8742,63
8743,64
8744,62
8745,63
8746,63
8747,64
8748,63
8749,64
8750,64
8751,65
8752,62
8753,63
8754,63
8755,64
8756,63
8757,64
8758,64
8759,65
8760,63
8761,64
8762,64
8763,65
8764,64
8765,65
8766,65
8767,66
8768,61
8769,62
8770,62
8771,63
8772,62
8773,63
8774,63
8775,64
8776,62
8777,63
8778,63
8779,64
8780,63
8781,64
8782,64
8783,65
8784,62
8785,63
8786,63
8787,64
8788,63
8789,64
8790,64
8791,65
8792,63
8793,64
8794,64
8795,65
8796,64
8797,65
8798,65
8799,66
8800,62
8801,63
8802,63
8803,64
8804,63
8805,64
8806,64
8807,65
8808,63
8809,64
8810,64
8811,65
8812,64
8813,65
8814,65
8815,66
8816,63
8817,64
8818,64
8819,65
8820,64
8821,65
8822,65
8823,66
8824,64
8825,65
8826,65
8827,66
8828,65
8829,66
8830,66
8831,67
8832,61
8833,62
8834,62
8835,63
8836,62
8837,63
8838,63
8839,64
8840,62
8841,63
8842,63
8843,64
8844,63
8845,64
8846,64
8847,65
8848,62
8849,63
8850,63
8851,64
8852,63
8853,64
8854,64
8855,65
8856,63
8857,64
8858,64
8859,65
8860,64
8861,65
8862,65
8863,66
8864,62
8865,63
8866,63
8867,64
8868,63
8869,64
8870,64
8871,65
8872,63
8873,64
8874,64
8875,65
8876,64
8877,65
8878,65
8879,66
8880,63
8881,64
8882,64
8883,65
8884,64
8885,65
8886,65
8887,66
8888,64
8889,65
8890,65
8891,66
8892,65
8893,66
8894,66
8895,67
8896,62
8897,63
8898,63
8899,64
8900,63
8901,64
8902,64
8903,65
8904,63
8905,64
8906,64
8907,65
8908,64
8909,65
8910,65
8911,66
8912,63
8913,64
8914,64
8915,65
8916,64
8917,65
8918,65
8919,66
8920,64
8921,65
8922,65
8923,66
8924,65
8925,66
8926,66
8927,67
8928,63
8929,64
8930,64
8931,65
8932,64
8933,65
8934,65
8935,66
8936,64
8937,65
8938,65
8939,66
8940,65
8941,66
8942,66
8943,67
8944,64
8945,65
8946,65
8947,66
8948,65
8949,66
8950,66
8951,67
8952,65
8953,66
8954,66
8955,67
8956,66
8957,67
8958,67
8959,68
8960,61
8961,62
8962,62
8963,63
8964,62
8965,63
8966,63
8967,64
8968,62
8969,63
8970,63
8971,64
8972,63
8973,64
8974,64
8975,65
8976,62
8977,63
8978,63
8979,64
8980,63
8981,64
8982,64
8983,65
8984,63
8985,64
8986,64
8987,65
8988,64
8989,65
8990,65
8991,66
8992,62
8993,63
8994,63
8995,64
8996,63
8997,64
8998,64
8999,65
9000,63
9001,64
9002,64
9003,65
9004,64
9005,65
9006,65
9007,66
9008,63
9009,64
9010,64
9011,65
9012,64
9013,65
9014,65
9015,66
9016,64
9017,65
9018,65
9019,66
9020,65
9021,66
9022,66
9023,67
9024,62
9025,63
9026,63
9027,64
9028,63
9029,64
9030,64
9031,65
9032,63
9033,64
9034,64
9035,65
9036,64
9037,65
9038,65
9039,66
9040,63
9041,64
9042,64
9043,65
9044,64
9045,65
9046,65
9047,66
9048,64
9049,65
9050,65
9051,66
9052,65
9053,66
9054,66
9055,67
9056,63
9057,64
9058,64
9059,65
9060,64
9061,65
9062,65
9063,66
9064,64
9065,65
9066,65
9067,66
9068,65
9069,66
9070,66
9071,67
9072,64
9073,65
9074,65
9075,66
9076,65
9077,66
9078,66
9079,67
9080,65
9081,66
9082,66
9083,67
9084,66
9085,67
9086,67
9087,68
9088,62
9089,63
9090,63
9091,64
9092,63
9093,64
9094,64
9095,65
9096,63
9097,64
9098,64
9099,65
9100,64
9101,65
9102,65
9103,66
9104,63
9105,64
9106,64
9107,65
9108,64
9109,65
9110,65
9111,66
9112,64
9113,65
9114,65
9115,66
9116,65
9117,66
9118,66
9119,67
9120,63
9121,64
9122,64
9123,65
9124,64
9125,65
9126,65
9127,66
9128,64
9129,65
9130,65
9131,66
9132,65
9133,66
9134,66
9135,67
9136,64
9137,65
9138,65
9139,66
9140,65
9141,66
9142,66
9143,67
9144,65
9145,66
9146,66
9147,67
9148,66
9149,67
9150,67
9151,68
9152,63
9153,64
9154,64
9155,65
9156,64
9157,65
9158,65
9159,66
9160,64
9161,65
9162,65
9163,66
9164,65
9165,66
9166,66
9167,67
9168,64
9169,65
9170,65
9171,66
9172,65
9173,66
9174,66
9175,67
9176,65
9177,66
9178,66
9179,67
9180,66
9181,67
9182,67
9183,68
9184,64
9185,65
9186,65
9187,66
9188,65
9189,66
9190,66
9191,67
9192,65
9193,66
9194,66
9195,67
9196,66
9197,67
9198,67
9199,68
9200,65
9201,66
9202,66
9203,67
9204,66
9205,67
9206,67
9207,68
9208,66
9209,67
9210,67
9211,68
9212,67
9213,68
9214,68
9215,69
9216,60
9217,61
9218,61
9219,62
9220,61
9221,62
9222,62
9223,63
9224,61
9225,62
9226,62
9227,63
9228,62
9229,63
9230,63
9231,64
9232,61
9233,62
9234,62
9235,63
9236,62
9237,63
9238,63
9239,64
9240,62
9241,63
9242,63
9243,64
9244,63
9245,64
9246,64
9247,65
9248,61
9249,62
9250,62
9251,63
9252,62
9253,63
9254,63
9255,64
9256,62
9257,63
9258,63
9259,64
9260,63
9261,64
9262,64
9263,65
9264,62
9265,63
9266,63
9267,64
9268,63
9269,64
9270,64
9271,65
9272,63
9273,64
9274,64
9275,65
9276,64
9277,65
9278,65
9279,66
9280,61
9281,62
9282,62
9283,63
9284,62
9285,63
9286,63
9287,64
9288,62
9289,63
9290,63
9291,64
9292,63
9293,64
9294,64
9295,65
9296,62
9297,63
9298,63
9299,64
9300,63
9301,64
9302,64
9303,65
9304,63
9305,64
9306,64
9307,65
9308,64
9309,65
9310,65
9311,66
9312,62
9313,63
9314,63
9315,64
9316,63
9317,64
9318,64
9319,65
9320,63
9321,64
9322,64
9323,65
9324,64
9325,65
9326,65
9327,66
9328,63
9329,64
9330,64
9331,65
9332,64
9333,65
9334,65
9335,66
9336,64
9337,65
9338,65
9339,66
9340,65
9341,66
9342,66
9343,67
9344,61
9345,62
9346,62
9347,63
9348,62
9349,63
9350,63
9351,64
9352,62
9353,63
9354,63
9355,64
9356,63
9357,64
9358,64
9359,65
9360,62
9361,63
9362,63
9363,64
9364,63
9365,64
9366,64
9367,65
9368,63
9369,64
9370,64
9371,65
9372,64
9373,65
9374,65
9375,66
9376,62
9377,63
9378,63
9379,64
9380,63
9381,64
9382,64
9383,65
9384,63
9385,64
9386,64
9387,65
9388,64
9389,65
9390,65
9391,66
9392,63
9393,64
9394,64
9395,65
9396,64
9397,65
9398,65
9399,66
9400,64
9401,65
9402,65
9403,66
9404,65
9405,66
9406,66
9407,67
9408,62
9409,63
9410,63
9411,64
9412,63
9413,64
9414,64
9415,65
9416,63
9417,64
9418,64
9419,65
9420,64
9421,65
9422,65
9423,66
9424,63
9425,64
9426,64
9427,65
9428,64
9429,65
9430,65
9431,66
9432,64
9433,65
9434,65
9435,66
9436,65
9437,66
9438,66
9439,67
9440,63
9441,64
9442,64
9443,65
9444,64
9445,65
9446,65
9447,66
9448,64
9449,65
9450,65
9451,66
9452,65
9453,66
9454,66
9455,67
9456,64
9457,65
9458,65
9459,66
9460,65
9461,66
9462,66
9463,67
9464,65
9465,66
9466,66
9467,67
9468,66
9469,67
9470,67
9471,68
9472,61
9473,62
9474,62
9475,63
9476,62
9477,63
9478,63
9479,64
9480,62
9481,63
9482,63
9483,64
9484,63
9485,64
9486,64
9487,65
9488,62
9489,63
9490,63
9491,64
9492,63
9493,64
9494,64
9495,65
9496,63
9497,64
9498,64
9499,65
9500,64
9501,65
9502,65
9503,66
9504,62
9505,63
9506,63
9507,64
9508,63
9509,64
9510,64
9511,65
9512,63
9513,64
9514,64
9515,65
9516,64
9517,65
9518,65
9519,66
9520,63
9521,64
9522,64
9523,65
9524,64
9525,65
9526,65
9527,66
9528,64
9529,65
9530,65
9531,66
9532,65
9533,66
9534,66
9535,67
9536,62
9537,63
9538,63
9539,64
9540,63
9541,64
9542,64
9543,65
9544,63
9545,64
9546,64
9547,65
9548,64
9549,65
9550,65
9551,66
9552,63
9553,64
9554,64
9555,65
9556,64
9557,65
9558,65
9559,66
9560,64
9561,65
9562,65
9563,66
9564,65
9565,66
9566,66
9567,67
9568,63
9569,64
9570,64
9571,65
9572,64
9573,65
9574,65
9575,66
9576,64
9577,65
9578,65
9579,66
9580,65
9581,66
9582,66
9583,67
9584,64
9585,65
9586,65
9587,66
9588,65
9589,66
9590,66
9591,67
9592,65
9593,66
9594,66
9595,67
9596,66
9597,67
9598,67
9599,68
9600,62
9601,63
9602,63
9603,64
9604,63
9605,64
9606,64
9607,65
9608,63
9609,64
9610,64
9611,65
9612,64
9613,65
9614,65
9615,66
9616,63
9617,64
9618,64
9619,65
9620,64
9621,65
9622,65
9623,66
9624,64
9625,65
9626,65
9627,66
9628,65
9629,66
9630,66
9631,67
9632,63
9633,64
9634,64
9635,65
9636,64
9637,65
9638,65
9639,66
9640,64
9641,65
9642,65
9643,66
9644,65
9645,66
9646,66
9647,67
9648,64
9649,65
9650,65
9651,66
9652,65
9653,66
9654,66
9655,67
9656,65
9657,66
9658,66
9659,67
9660,66
9661,67
9662,67
9663,68
9664,63
9665,64
9666,64
9667,65
9668,64
9669,65
9670,65
9671,66
9672,64
9673,65
9674,65
9675,66
9676,65
9677,66
9678,66
9679,67
9680,64
9681,65
9682,65
9683,66
9684,65
9685,66
9686,66
9687,67
9688,65
9689,66
9690,66
9691,67
9692,66
9693,67
9694,67
9695,68
9696,64
9697,65
9698,65
9699,66
9700,65
9701,66
9702,66
9703,67
9704,65
9705,66
9706,66
9707,67
9708,66
9709,67
9710,67
9711,68
9712,65
9713,66
9714,66
9715,67
9716,66
9717,67
9718,67
9719,68
9720,66
9721,67
9722,67
9723,68
9724,67
9725,68
9726,68
9727,69
9728,61
9729,62
9730,62
9731,63
9732,62
9733,63
9734,63
9735,64
9736,62
9737,63
9738,63
9739,64
9740,63
9741,64
9742,64
9743,65
9744,62
9745,63
9746,63
9747,64
9748,63
9749,64
9750,64
9751,65
9752,63
9753,64
9754,64
9755,65
9756,64
9757,65
9758,65
9759,66
9760,62
9761,63
9762,63
9763,64
9764,63
9765,64
9766,64
9767,65
9768,63
9769,64
9770,64
9771,65
9772,64
9773,65
9774,65
9775,66
9776,63
9777,64
9778,64
9779,65
9780,64
9781,65
9782,65
9783,66
9784,64
9785,65
9786,65
9787,66
9788,65
9789,66
9790,66
9791,67
9792,62
9793,63
9794,63
9795,64
9796,63
9797,64
9798,64
9799,65
9800,63
9801,64
9802,64
9803,65
9804,64
9805,65
9806,65
9807,66
9808,63
9809,64
9810,64
9811,65
9812,64
9813,65
9814,65
9815,66
9816,64
9817,65
9818,65
9819,66
9820,65
9821,66
9822,66
9823,67
9824,63
9825,64
9826,64
9827,65
9828,64
9829,65
9830,65
9831,66
9832,64
9833,65
9834,65
9835,66
9836,65
9837,66
9838,66
9839,67
9840,64
9841,65
9842,65
9843,66
9844,65
9845,66
9846,66
9847,67
9848,65
9849,66
9850,66
9851,67
9852,66
9853,67
9854,67
9855,68
9856,62
9857,63
9858,63
9859,64
9860,63
9861,64
9862,64
9863,65
9864,63
9865,64
9866,64
9867,65
9868,64
9869,65
9870,65
9871,66
9872,63
9873,64
9874,64
9875,65
9876,64
9877,65
9878,65
9879,66
9880,64
9881,65
9882,65
9883,66
9884,65
9885,66
9886,66
9887,67
9888,63
9889,64
9890,64
9891,65
9892,64
9893,65
9894,65
9895,66
9896,64
9897,65
9898,65
9899,66
9900,65
9901,66
9902,66
9903,67
9904,64
9905,65
9906,65
9907,66
9908,65
9909,66
9910,66
9911,67
9912,65
9913,66
9914,66
9915,67
9916,66
9917,67
9918,67
9919,68
9920,63
9921,64
9922,64
9923,65
9924,64
9925,65
9926,65
9927,66
9928,64
9929,65
9930,65
9931,66
9932,65
9933,66
9934,66
9935,67
9936,64
9937,65
9938,65
9939,66
9940,65
9941,66
9942,66
9943,67
9944,65
9945,66
9946,66
9947,67
9948,66
9949,67
9950,67
9951,68
9952,64
9953,65
9954,65
9955,66
9956,65
9957,66
9958,66
9959,67
9960,65
9961,66
9962,66
9963,67
9964,66
9965,67
9966,67
9967,68
9968,65
9969,66
9970,66
9971,67
9972,66
9973,67
9974,67
9975,68
9976,66
9977,67
9978,67
9979,68
9980,67
9981,68
9982,68
9983,69
9984,62
9985,63
9986,63
9987,64
9988,63
9989,64
9990,64
9991,65
9992,63
9993,64
9994,64
9995,65
9996,64
9997,65
9998,65
9999,66
10000,63
